{
    "author"  : "AppSeed.com",
    "email"   : "support@appseed.us",

    "links" : {
        "buy"            : "https://appseed.us/apps/jamstack/html5up-big-picture", 
        "github"         : "https://github.com/app-generator/jamstack-big-picture",
        "docs"           : "https://docs.appseed.us/apps/html5up/html5up-big-picture-coded-in-jamstack/",
        "blog"           : "https://blog.appseed.us/tag/jamstack/",
        "appseed"        : "https://appseed.us?ref=big-picture",
        "generator"      : "https://appseed.us/app-generator?ref=big-picture",
        "facebook"       : "https://facebook.com/webappseed",
        "facebook-group" : "https://www.facebook.com/groups/fullstack.apps.generator/",
        "twitter"        : "https://twitter.com/webappseed",
        "instagram"      : "https://instagram.com/webappseed",
        "support"        : "https://appseed.us/support?ref=big-picture",
        "discord"        : "https://discord.gg/fZC6hup"
    }, 

    "LAST_KEY" : "NA"
}
