[{"category":"sans-serif","family":"Open Sans","weights":["300","600","700","800","300italic","regular","italic","600italic","700italic","800italic"]},{"category":"sans-serif","family":"Roboto","weights":["100","300","500","700","900","100italic","300italic","regular","italic","500italic","700italic","900italic"]},{"category":"serif","family":"Slabo 27px","weights":["regular"]},{"category":"sans-serif","family":"Lato","weights":["100","300","700","900","100italic","300italic","regular","italic","700italic","900italic"]},{"category":"sans-serif","family":"Oswald","weights":["300","700","regular"]},{"category":"sans-serif","family":"Roboto Condensed","weights":["300","700","300italic","regular","italic","700italic"]},{"category":"sans-serif","family":"Source Sans Pro","weights":["200","300","600","700","900","200italic","300italic","regular","italic","600italic","700italic","900italic"]},{"category":"sans-serif","family":"Montserrat","weights":["700","regular"]},{"category":"sans-serif","family":"Raleway","weights":["100","200","300","500","600","700","800","900","100italic","200italic","300italic","regular","italic","500italic","600italic","700italic","800italic","900italic"]},{"category":"sans-serif","family":"PT Sans","weights":["700","regular","italic","700italic"]},{"category":"serif","family":"Lora","weights":["700","regular","italic","700italic"]},{"category":"serif","family":"Roboto Slab","weights":["100","300","700","regular"]},{"category":"sans-serif","family":"Open Sans Condensed","weights":["300","700","300italic"]},{"category":"sans-serif","family":"Droid Sans","weights":["700","regular"]},{"category":"sans-serif","family":"Ubuntu","weights":["300","500","700","300italic","regular","italic","500italic","700italic"]},{"category":"serif","family":"Droid Serif","weights":["700","regular","italic","700italic"]},{"category":"serif","family":"Merriweather","weights":["300","700","900","300italic","regular","italic","700italic","900italic"]},{"category":"sans-serif","family":"Arimo","weights":["700","regular","italic","700italic"]},{"category":"sans-serif","family":"PT Sans Narrow","weights":["700","regular"]},{"category":"sans-serif","family":"Noto Sans","weights":["700","regular","italic","700italic"]},{"category":"sans-serif","family":"Titillium Web","weights":["200","300","600","700","900","200italic","300italic","regular","italic","600italic","700italic"]},{"category":"serif","family":"PT Serif","weights":["700","regular","italic","700italic"]},{"category":"serif","family":"Playfair Display","weights":["700","900","regular","italic","700italic","900italic"]},{"category":"sans-serif","family":"Fjalla One","weights":["regular"]},{"category":"handwriting","family":"Indie Flower","weights":["regular"]},{"category":"serif","family":"Bitter","weights":["700","regular","italic"]},{"category":"sans-serif","family":"Muli","weights":["300","300italic","regular","italic"]},{"category":"sans-serif","family":"Oxygen","weights":["300","700","regular"]},{"category":"monospace","family":"Inconsolata","weights":["700","regular"]},{"category":"sans-serif","family":"Dosis","weights":["200","300","500","600","700","800","regular"]},{"category":"sans-serif","family":"Hind","weights":["300","500","600","700","regular"]},{"category":"sans-serif","family":"Cabin","weights":["500","600","700","regular","italic","500italic","600italic","700italic"]},{"category":"display","family":"Lobster","weights":["regular"]},{"category":"sans-serif","family":"Yanone Kaffeesatz","weights":["200","300","700","regular"]},{"category":"serif","family":"Noto Serif","weights":["700","regular","italic","700italic"]},{"category":"serif","family":"Arvo","weights":["700","regular","italic","700italic"]},{"category":"display","family":"Poiret One","weights":["regular"]},{"category":"sans-serif","family":"Nunito","weights":["300","700","regular"]},{"category":"serif","family":"Bree Serif","weights":["regular"]},{"category":"sans-serif","family":"Merriweather Sans","weights":["300","700","800","300italic","regular","italic","700italic","800italic"]},{"category":"sans-serif","family":"Poppins","weights":["300","500","600","700","regular"]},{"category":"sans-serif","family":"Alegreya Sans","weights":["100","300","500","700","800","900","100italic","300italic","regular","italic","500italic","700italic","800italic","900italic"]},{"category":"sans-serif","family":"Abel","weights":["regular"]},{"category":"sans-serif","family":"Josefin Sans","weights":["100","300","600","700","100italic","300italic","regular","italic","600italic","700italic"]},{"category":"serif","family":"Libre Baskerville","weights":["700","regular","italic"]},{"category":"sans-serif","family":"Asap","weights":["700","regular","italic","700italic"]},{"category":"sans-serif","family":"Exo 2","weights":["100","200","300","500","600","700","800","900","100italic","200italic","300italic","regular","italic","500italic","600italic","700italic","800italic","900italic"]},{"category":"sans-serif","family":"Anton","weights":["regular"]},{"category":"sans-serif","family":"Ubuntu Condensed","weights":["regular"]},{"category":"handwriting","family":"Pacifico","weights":["regular"]},{"category":"sans-serif","family":"Archivo Narrow","weights":["700","regular","italic","700italic"]},{"category":"serif","family":"Crimson Text","weights":["600","700","regular","italic","600italic","700italic"]},{"category":"sans-serif","family":"Candal","weights":["regular"]},{"category":"sans-serif","family":"Francois One","weights":["regular"]},{"category":"sans-serif","family":"Varela Round","weights":["regular"]},{"category":"sans-serif","family":"Quicksand","weights":["300","700","regular"]},{"category":"sans-serif","family":"Play","weights":["700","regular"]},{"category":"handwriting","family":"Shadows Into Light","weights":["regular"]},{"category":"serif","family":"Vollkorn","weights":["700","regular","italic","700italic"]},{"category":"sans-serif","family":"Signika","weights":["300","600","700","regular"]},{"category":"display","family":"Passion One","weights":["700","900","regular"]},{"category":"sans-serif","family":"Cuprum","weights":["700","regular","italic","700italic"]},{"category":"sans-serif","family":"Orbitron","weights":["500","700","900","regular"]},{"category":"sans-serif","family":"Questrial","weights":["regular"]},{"category":"sans-serif","family":"Karla","weights":["700","regular","italic","700italic"]},{"category":"sans-serif","family":"Catamaran","weights":["100","200","300","500","600","700","800","900","regular"]},{"category":"sans-serif","family":"Maven Pro","weights":["500","700","900","regular"]},{"category":"serif","family":"Alegreya","weights":["700","900","regular","italic","700italic","900italic"]},{"category":"sans-serif","family":"PT Sans Caption","weights":["700","regular"]},{"category":"sans-serif","family":"Exo","weights":["100","200","300","500","600","700","800","900","100italic","200italic","300italic","regular","italic","500italic","600italic","700italic","800italic","900italic"]},{"category":"handwriting","family":"Dancing Script","weights":["700","regular"]},{"category":"handwriting","family":"Amatic SC","weights":["700","regular"]},{"category":"serif","family":"Rokkitt","weights":["700","regular"]},{"category":"sans-serif","family":"Pathway Gothic One","weights":["regular"]},{"category":"sans-serif","family":"Rubik","weights":["300","500","700","900","300italic","regular","italic","500italic","700italic","900italic"]},{"category":"display","family":"Abril Fatface","weights":["regular"]},{"category":"handwriting","family":"Yellowtail","weights":["regular"]},{"category":"sans-serif","family":"Fira Sans","weights":["300","500","700","300italic","regular","italic","500italic","700italic"]},{"category":"handwriting","family":"Architects Daughter","weights":["regular"]},{"category":"sans-serif","family":"Hammersmith One","weights":["regular"]},{"category":"display","family":"Patua One","weights":["regular"]},{"category":"monospace","family":"Roboto Mono","weights":["100","300","500","700","100italic","300italic","regular","italic","500italic","700italic"]},{"category":"display","family":"Righteous","weights":["regular"]},{"category":"sans-serif","family":"Monda","weights":["700","regular"]},{"category":"serif","family":"Cinzel","weights":["700","900","regular"]},{"category":"serif","family":"Crete Round","weights":["regular","italic"]},{"category":"serif","family":"EB Garamond","weights":["regular"]},{"category":"serif","family":"Noticia Text","weights":["700","regular","italic","700italic"]},{"category":"handwriting","family":"Kaushan Script","weights":["regular"]},{"category":"serif","family":"Sanchez","weights":["regular","italic"]},{"category":"serif","family":"Josefin Slab","weights":["100","300","600","700","100italic","300italic","regular","italic","600italic","700italic"]},{"category":"sans-serif","family":"Acme","weights":["regular"]},{"category":"sans-serif","family":"Russo One","weights":["regular"]},{"category":"display","family":"Lobster Two","weights":["700","regular","italic","700italic"]},{"category":"display","family":"Comfortaa","weights":["300","700","regular"]},{"category":"sans-serif","family":"Ropa Sans","weights":["regular","italic"]},{"category":"sans-serif","family":"ABeeZee","weights":["regular","italic"]},{"category":"sans-serif","family":"Quattrocento Sans","weights":["700","regular","italic","700italic"]},{"category":"serif","family":"Domine","weights":["700","regular"]},{"category":"sans-serif","family":"Pontano Sans","weights":["regular"]},{"category":"handwriting","family":"Gloria Hallelujah","weights":["regular"]},{"category":"display","family":"Chewy","weights":["regular"]},{"category":"sans-serif","family":"Istok Web","weights":["700","regular","italic","700italic"]},{"category":"sans-serif","family":"News Cycle","weights":["700","regular"]},{"category":"display","family":"Bangers","weights":["regular"]},{"category":"sans-serif","family":"BenchNine","weights":["300","700","regular"]},{"category":"monospace","family":"Source Code Pro","weights":["200","300","500","600","700","900","regular"]},{"category":"display","family":"Alfa Slab One","weights":["regular"]},{"category":"sans-serif","family":"Gudea","weights":["700","regular","italic"]},{"category":"display","family":"Sigmar One","weights":["regular"]},{"category":"sans-serif","family":"Cantarell","weights":["700","regular","italic","700italic"]},{"category":"display","family":"Oleo Script","weights":["700","regular"]},{"category":"handwriting","family":"Courgette","weights":["regular"]},{"category":"sans-serif","family":"Armata","weights":["regular"]},{"category":"sans-serif","family":"Work Sans","weights":["100","200","300","500","600","700","800","900","regular"]},{"category":"sans-serif","family":"Archivo Black","weights":["regular"]},{"category":"handwriting","family":"Coming Soon","weights":["regular"]},{"category":"handwriting","family":"Covered By Your Grace","weights":["regular"]},{"category":"serif","family":"Old Standard TT","weights":["700","regular","italic"]},{"category":"handwriting","family":"Satisfy","weights":["regular"]},{"category":"handwriting","family":"Permanent Marker","weights":["regular"]},{"category":"sans-serif","family":"Voltaire","weights":["regular"]},{"category":"sans-serif","family":"Economica","weights":["700","regular","italic","700italic"]},{"category":"serif","family":"Tinos","weights":["700","regular","italic","700italic"]},{"category":"sans-serif","family":"Varela","weights":["regular"]},{"category":"sans-serif","family":"Cabin Condensed","weights":["500","600","700","regular"]},{"category":"sans-serif","family":"Ruda","weights":["700","900","regular"]},{"category":"display","family":"Fredoka One","weights":["regular"]},{"category":"serif","family":"Quattrocento","weights":["700","regular"]},{"category":"serif","family":"Source Serif Pro","weights":["600","700","regular"]},{"category":"sans-serif","family":"Didact Gothic","weights":["regular"]},{"category":"serif","family":"Vidaloka","weights":["regular"]},{"category":"handwriting","family":"Handlee","weights":["regular"]},{"category":"handwriting","family":"Rock Salt","weights":["regular"]},{"category":"serif","family":"Playfair Display SC","weights":["700","900","regular","italic","700italic","900italic"]},{"category":"display","family":"Audiowide","weights":["regular"]},{"category":"serif","family":"Kreon","weights":["300","700","regular"]},{"category":"monospace","family":"Droid Sans Mono","weights":["regular"]},{"category":"sans-serif","family":"Sintony","weights":["700","regular"]},{"category":"sans-serif","family":"Philosopher","weights":["700","regular","italic","700italic"]},{"category":"handwriting","family":"Cookie","weights":["regular"]},{"category":"display","family":"Bevan","weights":["regular"]},{"category":"serif","family":"Cardo","weights":["700","regular","italic"]},{"category":"serif","family":"Antic Slab","weights":["regular"]},{"category":"display","family":"Playball","weights":["regular"]},{"category":"serif","family":"Volkhov","weights":["700","regular","italic","700italic"]},{"category":"handwriting","family":"Great Vibes","weights":["regular"]},{"category":"display","family":"Boogaloo","weights":["regular"]},{"category":"serif","family":"Glegoo","weights":["700","regular"]},{"category":"handwriting","family":"Shadows Into Light Two","weights":["regular"]},{"category":"serif","family":"Arapey","weights":["regular","italic"]},{"category":"display","family":"Special Elite","weights":["regular"]},{"category":"display","family":"Changa One","weights":["regular","italic"]},{"category":"sans-serif","family":"Days One","weights":["regular"]},{"category":"sans-serif","family":"Actor","weights":["regular"]},{"category":"handwriting","family":"Tangerine","weights":["700","regular"]},{"category":"serif","family":"Sorts Mill Goudy","weights":["regular","italic"]},{"category":"serif","family":"Cantata One","weights":["regular"]},{"category":"sans-serif","family":"Rambla","weights":["700","regular","italic","700italic"]},{"category":"display","family":"Luckiest Guy","weights":["regular"]},{"category":"sans-serif","family":"Kanit","weights":["100","200","300","500","600","700","800","900","100italic","200italic","300italic","regular","italic","500italic","600italic","700italic","800italic","900italic"]},{"category":"sans-serif","family":"Nobile","weights":["700","regular","italic","700italic"]},{"category":"serif","family":"Amiri","weights":["700","regular","italic","700italic"]},{"category":"sans-serif","family":"Ek Mukta","weights":["200","300","500","600","700","800","regular"]},{"category":"handwriting","family":"Marck Script","weights":["regular"]},{"category":"handwriting","family":"Damion","weights":["regular"]},{"category":"sans-serif","family":"Rajdhani","weights":["300","500","600","700","regular"]},{"category":"serif","family":"Gentium Book Basic","weights":["700","regular","italic","700italic"]},{"category":"handwriting","family":"Bad Script","weights":["regular"]},{"category":"handwriting","family":"Kalam","weights":["300","700","regular"]},{"category":"sans-serif","family":"Signika Negative","weights":["300","600","700","regular"]},{"category":"sans-serif","family":"Paytone One","weights":["regular"]},{"category":"display","family":"Squada One","weights":["regular"]},{"category":"serif","family":"Neuton","weights":["200","300","700","800","regular","italic"]},{"category":"sans-serif","family":"Khula","weights":["300","600","700","800","regular"]},{"category":"sans-serif","family":"Teko","weights":["300","500","600","700","regular"]},{"category":"serif","family":"Copse","weights":["regular"]},{"category":"handwriting","family":"Alex Brush","weights":["regular"]},{"category":"sans-serif","family":"Khand","weights":["300","500","600","700","regular"]},{"category":"sans-serif","family":"Cambay","weights":["700","regular","italic","700italic"]},{"category":"sans-serif","family":"Antic","weights":["regular"]},{"category":"sans-serif","family":"Amaranth","weights":["700","regular","italic","700italic"]},{"category":"sans-serif","family":"Telex","weights":["regular"]},{"category":"sans-serif","family":"Molengo","weights":["regular"]},{"category":"sans-serif","family":"Aldrich","weights":["regular"]},{"category":"sans-serif","family":"Scada","weights":["700","regular","italic","700italic"]},{"category":"sans-serif","family":"Homenaje","weights":["regular"]},{"category":"handwriting","family":"Sacramento","weights":["regular"]},{"category":"serif","family":"Alice","weights":["regular"]},{"category":"handwriting","family":"Homemade Apple","weights":["regular"]},{"category":"serif","family":"Ultra","weights":["regular"]},{"category":"sans-serif","family":"Jura","weights":["300","500","600","regular"]},{"category":"handwriting","family":"Nothing You Could Do","weights":["regular"]},{"category":"sans-serif","family":"Viga","weights":["regular"]},{"category":"serif","family":"Gentium Basic","weights":["700","regular","italic","700italic"]},{"category":"sans-serif","family":"Average Sans","weights":["regular"]},{"category":"sans-serif","family":"Electrolize","weights":["regular"]},{"category":"handwriting","family":"Patrick Hand","weights":["regular"]},{"category":"handwriting","family":"Pinyon Script","weights":["regular"]},{"category":"serif","family":"Fauna One","weights":["regular"]},{"category":"serif","family":"Enriqueta","weights":["700","regular"]},{"category":"display","family":"Cherry Cream Soda","weights":["regular"]},{"category":"sans-serif","family":"Chivo","weights":["900","regular","italic","900italic"]},{"category":"display","family":"Coda","weights":["800","regular"]},{"category":"handwriting","family":"Calligraffitti","weights":["regular"]},{"category":"sans-serif","family":"Alegreya Sans SC","weights":["100","300","500","700","800","900","100italic","300italic","regular","italic","500italic","700italic","800italic","900italic"]},{"category":"display","family":"Fugaz One","weights":["regular"]},{"category":"sans-serif","family":"Puritan","weights":["700","regular","italic","700italic"]},{"category":"serif","family":"Average","weights":["regular"]},{"category":"handwriting","family":"Rancho","weights":["regular"]},{"category":"serif","family":"Lusitana","weights":["700","regular"]},{"category":"monospace","family":"PT Mono","weights":["regular"]},{"category":"handwriting","family":"Neucha","weights":["regular"]},{"category":"serif","family":"Kameron","weights":["700","regular"]},{"category":"sans-serif","family":"Pragati Narrow","weights":["700","regular"]},{"category":"monospace","family":"Ubuntu Mono","weights":["700","regular","italic","700italic"]},{"category":"serif","family":"Adamina","weights":["regular"]},{"category":"display","family":"Share","weights":["700","regular","italic","700italic"]},{"category":"sans-serif","family":"Sarala","weights":["700","regular"]},{"category":"serif","family":"Hanuman","weights":["700","regular"]},{"category":"handwriting","family":"Allura","weights":["regular"]},{"category":"sans-serif","family":"Marvel","weights":["700","regular","italic","700italic"]},{"category":"sans-serif","family":"Doppio One","weights":["regular"]},{"category":"sans-serif","family":"Allerta Stencil","weights":["regular"]},{"category":"serif","family":"Prata","weights":["regular"]},{"category":"sans-serif","family":"Michroma","weights":["regular"]},{"category":"sans-serif","family":"Basic","weights":["regular"]},{"category":"display","family":"Black Ops One","weights":["regular"]},{"category":"serif","family":"PT Serif Caption","weights":["regular","italic"]},{"category":"sans-serif","family":"Hind Siliguri","weights":["300","500","600","700","regular"]},{"category":"sans-serif","family":"Syncopate","weights":["700","regular"]},{"category":"display","family":"Unica One","weights":["regular"]},{"category":"sans-serif","family":"Advent Pro","weights":["100","200","300","500","600","700","regular"]},{"category":"sans-serif","family":"Hind Vadodara","weights":["300","500","600","700","regular"]},{"category":"handwriting","family":"Niconne","weights":["regular"]},{"category":"sans-serif","family":"Julius Sans One","weights":["regular"]},{"category":"handwriting","family":"Just Another Hand","weights":["regular"]},{"category":"sans-serif","family":"Allerta","weights":["regular"]},{"category":"display","family":"Ceviche One","weights":["regular"]},{"category":"sans-serif","family":"Carrois Gothic","weights":["regular"]},{"category":"sans-serif","family":"Convergence","weights":["regular"]},{"category":"handwriting","family":"Walter Turncoat","weights":["regular"]},{"category":"display","family":"Freckle Face","weights":["regular"]},{"category":"display","family":"Nixie One","weights":["regular"]},{"category":"handwriting","family":"Gochi Hand","weights":["regular"]},{"category":"sans-serif","family":"Spinnaker","weights":["regular"]},{"category":"display","family":"Bubblegum Sans","weights":["regular"]},{"category":"handwriting","family":"Parisienne","weights":["regular"]},{"category":"serif","family":"Lustria","weights":["regular"]},{"category":"sans-serif","family":"Carme","weights":["regular"]},{"category":"sans-serif","family":"Marmelad","weights":["regular"]},{"category":"sans-serif","family":"Aclonica","weights":["regular"]},{"category":"serif","family":"Arbutus Slab","weights":["regular"]},{"category":"display","family":"Cabin Sketch","weights":["700","regular"]},{"category":"serif","family":"Marcellus","weights":["regular"]},{"category":"handwriting","family":"Merienda One","weights":["regular"]},{"category":"sans-serif","family":"Jockey One","weights":["regular"]},{"category":"display","family":"Limelight","weights":["regular"]},{"category":"handwriting","family":"Reenie Beanie","weights":["regular"]},{"category":"display","family":"Sansita One","weights":["regular"]},{"category":"serif","family":"Radley","weights":["regular","italic"]},{"category":"display","family":"Chelsea Market","weights":["regular"]},{"category":"display","family":"Overlock","weights":["700","900","regular","italic","700italic","900italic"]},{"category":"serif","family":"Goudy Bookletter 1911","weights":["regular"]},{"category":"handwriting","family":"Merienda","weights":["700","regular"]},{"category":"display","family":"Contrail One","weights":["regular"]},{"category":"handwriting","family":"Waiting for the Sunrise","weights":["regular"]},{"category":"handwriting","family":"Rochester","weights":["regular"]},{"category":"serif","family":"Mate","weights":["regular","italic"]},{"category":"display","family":"Fontdiner Swanky","weights":["regular"]},{"category":"sans-serif","family":"Alef","weights":["700","regular"]},{"category":"serif","family":"Oranienbaum","weights":["regular"]},{"category":"sans-serif","family":"Montserrat Alternates","weights":["700","regular"]},{"category":"serif","family":"Cutive","weights":["regular"]},{"category":"sans-serif","family":"Magra","weights":["700","regular"]},{"category":"serif","family":"Marcellus SC","weights":["regular"]},{"category":"display","family":"Carter One","weights":["regular"]},{"category":"sans-serif","family":"Rosario","weights":["700","regular","italic","700italic"]},{"category":"handwriting","family":"Yesteryear","weights":["regular"]},{"category":"handwriting","family":"Grand Hotel","weights":["regular"]},{"category":"handwriting","family":"Crafty Girls","weights":["regular"]},{"category":"serif","family":"Port Lligat Slab","weights":["regular"]},{"category":"handwriting","family":"Berkshire Swash","weights":["regular"]},{"category":"handwriting","family":"Schoolbell","weights":["regular"]},{"category":"serif","family":"Coustard","weights":["900","regular"]},{"category":"handwriting","family":"Annie Use Your Telescope","weights":["regular"]},{"category":"display","family":"Corben","weights":["700","regular"]},{"category":"display","family":"Pompiere","weights":["regular"]},{"category":"serif","family":"Ovo","weights":["regular"]},{"category":"sans-serif","family":"Six Caps","weights":["regular"]},{"category":"sans-serif","family":"Belleza","weights":["regular"]},{"category":"serif","family":"Sree Krushnadevaraya","weights":["regular"]},{"category":"sans-serif","family":"Quantico","weights":["700","regular","italic","700italic"]},{"category":"sans-serif","family":"Cairo","weights":["200","300","600","700","900","regular"]},{"category":"serif","family":"Alegreya SC","weights":["700","900","regular","italic","700italic","900italic"]},{"category":"serif","family":"Halant","weights":["300","500","600","700","regular"]},{"category":"monospace","family":"Fira Mono","weights":["700","regular"]},{"category":"monospace","family":"Cousine","weights":["700","regular","italic","700italic"]},{"category":"monospace","family":"Oxygen Mono","weights":["regular"]},{"category":"display","family":"Fredericka the Great","weights":["regular"]},{"category":"display","family":"Press Start 2P","weights":["regular"]},{"category":"display","family":"Forum","weights":["regular"]},{"category":"sans-serif","family":"Mako","weights":["regular"]},{"category":"handwriting","family":"Leckerli One","weights":["regular"]},{"category":"sans-serif","family":"Metrophobic","weights":["regular"]},{"category":"handwriting","family":"Sue Ellen Francisco","weights":["regular"]},{"category":"handwriting","family":"Italianno","weights":["regular"]},{"category":"sans-serif","family":"Yantramanav","weights":["100","300","500","700","900","regular"]},{"category":"display","family":"Londrina Solid","weights":["regular"]},{"category":"sans-serif","family":"Duru Sans","weights":["regular"]},{"category":"sans-serif","family":"Inder","weights":["regular"]},{"category":"display","family":"Frijole","weights":["regular"]},{"category":"handwriting","family":"Zeyada","weights":["regular"]},{"category":"serif","family":"Trocchi","weights":["regular"]},{"category":"display","family":"Monoton","weights":["regular"]},{"category":"display","family":"Graduate","weights":["regular"]},{"category":"handwriting","family":"Petit Formal Script","weights":["regular"]},{"category":"serif","family":"Kadwa","weights":["700","regular"]},{"category":"sans-serif","family":"Strait","weights":["regular"]},{"category":"serif","family":"Gilda Display","weights":["regular"]},{"category":"display","family":"Allan","weights":["700","regular"]},{"category":"display","family":"Cinzel Decorative","weights":["700","900","regular"]},{"category":"display","family":"Racing Sans One","weights":["regular"]},{"category":"serif","family":"Fanwood Text","weights":["regular","italic"]},{"category":"display","family":"Baumans","weights":["regular"]},{"category":"handwriting","family":"Clicker Script","weights":["regular"]},{"category":"display","family":"Gruppo","weights":["regular"]},{"category":"handwriting","family":"Mr Dafoe","weights":["regular"]},{"category":"serif","family":"Caudex","weights":["700","regular","italic","700italic"]},{"category":"display","family":"Lilita One","weights":["regular"]},{"category":"sans-serif","family":"Capriola","weights":["regular"]},{"category":"sans-serif","family":"Tauri","weights":["regular"]},{"category":"sans-serif","family":"Tenor Sans","weights":["regular"]},{"category":"display","family":"Slackey","weights":["regular"]},{"category":"handwriting","family":"Lateef","weights":["regular"]},{"category":"monospace","family":"Anonymous Pro","weights":["700","regular","italic","700italic"]},{"category":"handwriting","family":"Short Stack","weights":["regular"]},{"category":"display","family":"Lemon","weights":["regular"]},{"category":"display","family":"Oleo Script Swash Caps","weights":["700","regular"]},{"category":"serif","family":"Slabo 13px","weights":["regular"]},{"category":"serif","family":"Brawler","weights":["regular"]},{"category":"handwriting","family":"Aladin","weights":["regular"]},{"category":"sans-serif","family":"Anaheim","weights":["regular"]},{"category":"sans-serif","family":"Mouse Memoirs","weights":["regular"]},{"category":"handwriting","family":"Montez","weights":["regular"]},{"category":"serif","family":"Martel","weights":["200","300","600","700","800","900","regular"]},{"category":"serif","family":"Quando","weights":["regular"]},{"category":"sans-serif","family":"Denk One","weights":["regular"]},{"category":"display","family":"Yeseva One","weights":["regular"]},{"category":"handwriting","family":"The Girl Next Door","weights":["regular"]},{"category":"sans-serif","family":"Wire One","weights":["regular"]},{"category":"display","family":"Finger Paint","weights":["regular"]},{"category":"display","family":"Unkempt","weights":["700","regular"]},{"category":"handwriting","family":"Give You Glory","weights":["regular"]},{"category":"sans-serif","family":"Andika","weights":["regular"]},{"category":"handwriting","family":"Caveat","weights":["700","regular"]},{"category":"serif","family":"Rufina","weights":["700","regular"]},{"category":"serif","family":"Kotta One","weights":["regular"]},{"category":"display","family":"Oregano","weights":["regular","italic"]},{"category":"serif","family":"Alike","weights":["regular"]},{"category":"serif","family":"Fenix","weights":["regular"]},{"category":"display","family":"Kelly Slab","weights":["regular"]},{"category":"serif","family":"Judson","weights":["700","regular","italic"]},{"category":"handwriting","family":"Delius","weights":["regular"]},{"category":"sans-serif","family":"NTR","weights":["regular"]},{"category":"monospace","family":"Cutive Mono","weights":["regular"]},{"category":"display","family":"Love Ya Like A Sister","weights":["regular"]},{"category":"sans-serif","family":"Timmana","weights":["regular"]},{"category":"display","family":"Bowlby One SC","weights":["regular"]},{"category":"display","family":"UnifrakturMaguntia","weights":["regular"]},{"category":"sans-serif","family":"Lekton","weights":["700","regular","italic"]},{"category":"display","family":"Stardos Stencil","weights":["700","regular"]},{"category":"display","family":"Prosto One","weights":["regular"]},{"category":"monospace","family":"VT323","weights":["regular"]},{"category":"display","family":"Happy Monkey","weights":["regular"]},{"category":"handwriting","family":"Itim","weights":["regular"]},{"category":"handwriting","family":"La Belle Aurore","weights":["regular"]},{"category":"sans-serif","family":"Palanquin","weights":["100","200","300","500","600","700","regular"]},{"category":"display","family":"Khmer","weights":["regular"]},{"category":"display","family":"Crushed","weights":["regular"]},{"category":"handwriting","family":"Just Me Again Down Here","weights":["regular"]},{"category":"display","family":"Nova Square","weights":["regular"]},{"category":"handwriting","family":"Herr Von Muellerhoff","weights":["regular"]},{"category":"display","family":"Gravitas One","weights":["regular"]},{"category":"display","family":"Concert One","weights":["regular"]},{"category":"serif","family":"Headland One","weights":["regular"]},{"category":"display","family":"Megrim","weights":["regular"]},{"category":"serif","family":"Bentham","weights":["regular"]},{"category":"sans-serif","family":"Orienta","weights":["regular"]},{"category":"serif","family":"Karma","weights":["300","500","600","700","regular"]},{"category":"serif","family":"IM Fell English","weights":["regular","italic"]},{"category":"sans-serif","family":"Carrois Gothic SC","weights":["regular"]},{"category":"serif","family":"IM Fell DW Pica","weights":["regular","italic"]},{"category":"serif","family":"Poly","weights":["regular","italic"]},{"category":"handwriting","family":"Arizonia","weights":["regular"]},{"category":"serif","family":"Andada","weights":["regular"]},{"category":"display","family":"Lily Script One","weights":["regular"]},{"category":"sans-serif","family":"Imprima","weights":["regular"]},{"category":"display","family":"Simonetta","weights":["900","regular","italic","900italic"]},{"category":"display","family":"Expletus Sans","weights":["500","600","700","regular","italic","500italic","600italic","700italic"]},{"category":"display","family":"Skranji","weights":["700","regular"]},{"category":"handwriting","family":"Quintessential","weights":["regular"]},{"category":"sans-serif","family":"Shanti","weights":["regular"]},{"category":"handwriting","family":"Qwigley","weights":["regular"]},{"category":"sans-serif","family":"Gafata","weights":["regular"]},{"category":"serif","family":"GFS Didot","weights":["regular"]},{"category":"serif","family":"Holtwood One SC","weights":["regular"]},{"category":"serif","family":"Gabriela","weights":["regular"]},{"category":"display","family":"Caesar Dressing","weights":["regular"]},{"category":"serif","family":"Fjord One","weights":["regular"]},{"category":"handwriting","family":"Bilbo Swash Caps","weights":["regular"]},{"category":"display","family":"Knewave","weights":["regular"]},{"category":"handwriting","family":"Loved by the King","weights":["regular"]},{"category":"display","family":"Sniglet","weights":["800","regular"]},{"category":"sans-serif","family":"Rationale","weights":["regular"]},{"category":"serif","family":"Tienne","weights":["700","900","regular"]},{"category":"serif","family":"Belgrano","weights":["regular"]},{"category":"handwriting","family":"Over the Rainbow","weights":["regular"]},{"category":"display","family":"Shojumaru","weights":["regular"]},{"category":"display","family":"Kranky","weights":["regular"]},{"category":"handwriting","family":"Norican","weights":["regular"]},{"category":"display","family":"Averia Sans Libre","weights":["300","700","300italic","regular","italic","700italic"]},{"category":"sans-serif","family":"Ramabhadra","weights":["regular"]},{"category":"display","family":"Salsa","weights":["regular"]},{"category":"serif","family":"Podkova","weights":["700","regular"]},{"category":"sans-serif","family":"Martel Sans","weights":["200","300","600","700","800","900","regular"]},{"category":"serif","family":"Ledger","weights":["regular"]},{"category":"handwriting","family":"Patrick Hand SC","weights":["regular"]},{"category":"sans-serif","family":"Dorsa","weights":["regular"]},{"category":"handwriting","family":"Stalemate","weights":["regular"]},{"category":"serif","family":"Italiana","weights":["regular"]},{"category":"sans-serif","family":"Federo","weights":["regular"]},{"category":"handwriting","family":"Engagement","weights":["regular"]},{"category":"handwriting","family":"Kristi","weights":["regular"]},{"category":"serif","family":"IM Fell English SC","weights":["regular"]},{"category":"display","family":"Bowlby One","weights":["regular"]},{"category":"display","family":"Mountains of Christmas","weights":["700","regular"]},{"category":"handwriting","family":"Meddon","weights":["regular"]},{"category":"handwriting","family":"Dawning of a New Day","weights":["regular"]},{"category":"sans-serif","family":"Biryani","weights":["200","300","600","700","800","900","regular"]},{"category":"display","family":"Life Savers","weights":["700","regular"]},{"category":"sans-serif","family":"Montserrat Subrayada","weights":["700","regular"]},{"category":"sans-serif","family":"Geo","weights":["regular","italic"]},{"category":"sans-serif","family":"Share Tech","weights":["regular"]},{"category":"handwriting","family":"Delius Swash Caps","weights":["regular"]},{"category":"handwriting","family":"Fondamento","weights":["regular","italic"]},{"category":"display","family":"Voces","weights":["regular"]},{"category":"handwriting","family":"Euphoria Script","weights":["regular"]},{"category":"display","family":"Seaweed Script","weights":["regular"]},{"category":"handwriting","family":"Mr De Haviland","weights":["regular"]},{"category":"display","family":"Sail","weights":["regular"]},{"category":"sans-serif","family":"Kite One","weights":["regular"]},{"category":"sans-serif","family":"Mallanna","weights":["regular"]},{"category":"display","family":"Vast Shadow","weights":["regular"]},{"category":"serif","family":"Balthazar","weights":["regular"]},{"category":"monospace","family":"Nova Mono","weights":["regular"]},{"category":"serif","family":"Amethysta","weights":["regular"]},{"category":"serif","family":"Junge","weights":["regular"]},{"category":"serif","family":"Unna","weights":["regular"]},{"category":"serif","family":"Cambo","weights":["regular"]},{"category":"display","family":"Metamorphous","weights":["regular"]},{"category":"display","family":"Cherry Swash","weights":["700","regular"]},{"category":"serif","family":"Buenard","weights":["700","regular"]},{"category":"handwriting","family":"Aguafina Script","weights":["regular"]},{"category":"display","family":"Medula One","weights":["regular"]},{"category":"handwriting","family":"Rouge Script","weights":["regular"]},{"category":"monospace","family":"Share Tech Mono","weights":["regular"]},{"category":"display","family":"Raleway Dots","weights":["regular"]},{"category":"sans-serif","family":"Cantora One","weights":["regular"]},{"category":"serif","family":"Mate SC","weights":["regular"]},{"category":"display","family":"Flamenco","weights":["300","regular"]},{"category":"display","family":"Oldenburg","weights":["regular"]},{"category":"serif","family":"Nokora","weights":["700","regular"]},{"category":"display","family":"McLaren","weights":["regular"]},{"category":"display","family":"Maiden Orange","weights":["regular"]},{"category":"display","family":"Averia Serif Libre","weights":["300","700","300italic","regular","italic","700italic"]},{"category":"display","family":"Amarante","weights":["regular"]},{"category":"display","family":"Stint Ultra Condensed","weights":["regular"]},{"category":"handwriting","family":"Condiment","weights":["regular"]},{"category":"serif","family":"Eczar","weights":["500","600","700","800","regular"]},{"category":"handwriting","family":"Sofia","weights":["regular"]},{"category":"handwriting","family":"Cedarville Cursive","weights":["regular"]},{"category":"serif","family":"Gurajada","weights":["regular"]},{"category":"serif","family":"IM Fell Double Pica","weights":["regular","italic"]},{"category":"serif","family":"Prociono","weights":["regular"]},{"category":"sans-serif","family":"Coda Caption","weights":["800"]},{"category":"display","family":"Milonga","weights":["regular"]},{"category":"display","family":"Codystar","weights":["300","regular"]},{"category":"serif","family":"IM Fell French Canon","weights":["regular","italic"]},{"category":"display","family":"Poller One","weights":["regular"]},{"category":"display","family":"Rye","weights":["regular"]},{"category":"serif","family":"Stoke","weights":["300","regular"]},{"category":"display","family":"Titan One","weights":["regular"]},{"category":"display","family":"Revalia","weights":["regular"]},{"category":"sans-serif","family":"Englebert","weights":["regular"]},{"category":"display","family":"Tulpen One","weights":["regular"]},{"category":"handwriting","family":"Ruthie","weights":["regular"]},{"category":"sans-serif","family":"Chau Philomene One","weights":["regular","italic"]},{"category":"display","family":"Iceland","weights":["regular"]},{"category":"display","family":"Dynalight","weights":["regular"]},{"category":"serif","family":"Rosarivo","weights":["regular","italic"]},{"category":"serif","family":"Trirong","weights":["100","200","300","500","600","700","800","900","100italic","200italic","300italic","regular","italic","500italic","600italic","700italic","800italic","900italic"]},{"category":"display","family":"Chicle","weights":["regular"]},{"category":"sans-serif","family":"Numans","weights":["regular"]},{"category":"serif","family":"Habibi","weights":["regular"]},{"category":"serif","family":"Inika","weights":["700","regular"]},{"category":"display","family":"Rammetto One","weights":["regular"]},{"category":"sans-serif","family":"Krona One","weights":["regular"]},{"category":"handwriting","family":"Vibur","weights":["regular"]},{"category":"sans-serif","family":"Ruluko","weights":["regular"]},{"category":"display","family":"Creepster","weights":["regular"]},{"category":"serif","family":"Artifika","weights":["regular"]},{"category":"handwriting","family":"Swanky and Moo Moo","weights":["regular"]},{"category":"display","family":"Angkor","weights":["regular"]},{"category":"display","family":"Kavoon","weights":["regular"]},{"category":"serif","family":"Donegal One","weights":["regular"]},{"category":"serif","family":"Scheherazade","weights":["700","regular"]},{"category":"display","family":"Stint Ultra Expanded","weights":["regular"]},{"category":"display","family":"Averia Libre","weights":["300","700","300italic","regular","italic","700italic"]},{"category":"display","family":"Monofett","weights":["regular"]},{"category":"sans-serif","family":"Pattaya","weights":["regular"]},{"category":"display","family":"Ruslan Display","weights":["regular"]},{"category":"serif","family":"IM Fell Great Primer","weights":["regular","italic"]},{"category":"sans-serif","family":"Text Me One","weights":["regular"]},{"category":"display","family":"Wallpoet","weights":["regular"]},{"category":"display","family":"Battambang","weights":["700","regular"]},{"category":"display","family":"Paprika","weights":["regular"]},{"category":"serif","family":"IM Fell Double Pica SC","weights":["regular"]},{"category":"serif","family":"IM Fell DW Pica SC","weights":["regular"]},{"category":"sans-serif","family":"Prompt","weights":["100","200","300","500","600","700","800","900","100italic","200italic","300italic","regular","italic","500italic","600italic","700italic","800italic","900italic"]},{"category":"display","family":"Sancreek","weights":["regular"]},{"category":"sans-serif","family":"Mandali","weights":["regular"]},{"category":"serif","family":"Ramaraja","weights":["regular"]},{"category":"display","family":"Offside","weights":["regular"]},{"category":"serif","family":"Esteban","weights":["regular"]},{"category":"sans-serif","family":"Snippet","weights":["regular"]},{"category":"handwriting","family":"Sunshiney","weights":["regular"]},{"category":"display","family":"Buda","weights":["300"]},{"category":"display","family":"Overlock SC","weights":["regular"]},{"category":"serif","family":"IM Fell Great Primer SC","weights":["regular"]},{"category":"handwriting","family":"Mrs Saint Delafield","weights":["regular"]},{"category":"display","family":"Trade Winds","weights":["regular"]},{"category":"serif","family":"Linden Hill","weights":["regular","italic"]},{"category":"serif","family":"IM Fell French Canon SC","weights":["regular"]},{"category":"handwriting","family":"Delius Unicase","weights":["700","regular"]},{"category":"display","family":"Piedra","weights":["regular"]},{"category":"display","family":"Henny Penny","weights":["regular"]},{"category":"display","family":"Nova Round","weights":["regular"]},{"category":"sans-serif","family":"Jaldi","weights":["700","regular"]},{"category":"handwriting","family":"Bilbo","weights":["regular"]},{"category":"display","family":"Sonsie One","weights":["regular"]},{"category":"sans-serif","family":"Heebo","weights":["100","300","500","700","800","900","regular"]},{"category":"serif","family":"Alike Angular","weights":["regular"]},{"category":"serif","family":"Kurale","weights":["regular"]},{"category":"sans-serif","family":"Wendy One","weights":["regular"]},{"category":"handwriting","family":"League Script","weights":["regular"]},{"category":"display","family":"Akronim","weights":["regular"]},{"category":"handwriting","family":"Redressed","weights":["regular"]},{"category":"display","family":"Mystery Quest","weights":["regular"]},{"category":"sans-serif","family":"Cagliostro","weights":["regular"]},{"category":"display","family":"New Rocker","weights":["regular"]},{"category":"display","family":"Galada","weights":["regular"]},{"category":"sans-serif","family":"Port Lligat Sans","weights":["regular"]},{"category":"serif","family":"Suranna","weights":["regular"]},{"category":"display","family":"Elsie","weights":["900","regular"]},{"category":"sans-serif","family":"Rubik One","weights":["regular"]},{"category":"display","family":"Suwannaphum","weights":["regular"]},{"category":"display","family":"Pirata One","weights":["regular"]},{"category":"serif","family":"Antic Didone","weights":["regular"]},{"category":"serif","family":"Laila","weights":["300","500","600","700","regular"]},{"category":"display","family":"Bigshot One","weights":["regular"]},{"category":"display","family":"MedievalSharp","weights":["regular"]},{"category":"sans-serif","family":"Asul","weights":["700","regular"]},{"category":"display","family":"Ribeye","weights":["regular"]},{"category":"serif","family":"Sumana","weights":["700","regular"]},{"category":"display","family":"Germania One","weights":["regular"]},{"category":"display","family":"Chonburi","weights":["regular"]},{"category":"handwriting","family":"Dr Sugiyama","weights":["regular"]},{"category":"display","family":"Glass Antiqua","weights":["regular"]},{"category":"serif","family":"Della Respira","weights":["regular"]},{"category":"display","family":"Irish Grover","weights":["regular"]},{"category":"sans-serif","family":"Bubbler One","weights":["regular"]},{"category":"sans-serif","family":"Sarpanch","weights":["500","600","700","800","900","regular"]},{"category":"display","family":"Wellfleet","weights":["regular"]},{"category":"display","family":"Galindo","weights":["regular"]},{"category":"sans-serif","family":"Assistant","weights":["200","300","600","700","800","regular"]},{"category":"display","family":"Content","weights":["700","regular"]},{"category":"serif","family":"Jacques Francois","weights":["regular"]},{"category":"display","family":"Miniver","weights":["regular"]},{"category":"display","family":"Joti One","weights":["regular"]},{"category":"display","family":"Nova Slim","weights":["regular"]},{"category":"display","family":"UnifrakturCook","weights":["700"]},{"category":"display","family":"Keania One","weights":["regular"]},{"category":"display","family":"Peralta","weights":["regular"]},{"category":"display","family":"Chango","weights":["regular"]},{"category":"serif","family":"Almendra","weights":["700","regular","italic","700italic"]},{"category":"display","family":"Sarina","weights":["regular"]},{"category":"serif","family":"Rozha One","weights":["regular"]},{"category":"display","family":"Nosifer","weights":["regular"]},{"category":"handwriting","family":"Julee","weights":["regular"]},{"category":"display","family":"Iceberg","weights":["regular"]},{"category":"display","family":"Griffy","weights":["regular"]},{"category":"display","family":"Original Surfer","weights":["regular"]},{"category":"handwriting","family":"Lovers Quarrel","weights":["regular"]},{"category":"display","family":"Croissant One","weights":["regular"]},{"category":"serif","family":"Trykker","weights":["regular"]},{"category":"handwriting","family":"Caveat Brush","weights":["regular"]},{"category":"display","family":"Nova Flat","weights":["regular"]},{"category":"handwriting","family":"Monsieur La Doulaise","weights":["regular"]},{"category":"display","family":"Miltonian Tattoo","weights":["regular"]},{"category":"display","family":"Diplomata","weights":["regular"]},{"category":"sans-serif","family":"Athiti","weights":["200","300","500","600","700","regular"]},{"category":"sans-serif","family":"GFS Neohellenic","weights":["700","regular","italic","700italic"]},{"category":"display","family":"Emilys Candy","weights":["regular"]},{"category":"display","family":"Margarine","weights":["regular"]},{"category":"display","family":"Kenia","weights":["regular"]},{"category":"display","family":"Astloch","weights":["700","regular"]},{"category":"sans-serif","family":"Seymour One","weights":["regular"]},{"category":"display","family":"Autour One","weights":["regular"]},{"category":"display","family":"Atomic Age","weights":["regular"]},{"category":"display","family":"Modern Antiqua","weights":["regular"]},{"category":"sans-serif","family":"Harmattan","weights":["regular"]},{"category":"display","family":"Trochut","weights":["700","regular","italic"]},{"category":"display","family":"Purple Purse","weights":["regular"]},{"category":"serif","family":"Petrona","weights":["regular"]},{"category":"display","family":"Smythe","weights":["regular"]},{"category":"display","family":"Snowburst One","weights":["regular"]},{"category":"display","family":"Bokor","weights":["regular"]},{"category":"display","family":"Lalezar","weights":["regular"]},{"category":"handwriting","family":"Meie Script","weights":["regular"]},{"category":"serif","family":"Sura","weights":["700","regular"]},{"category":"display","family":"Faster One","weights":["regular"]},{"category":"display","family":"Spicy Rice","weights":["regular"]},{"category":"display","family":"Jolly Lodger","weights":["regular"]},{"category":"sans-serif","family":"Fresca","weights":["regular"]},{"category":"display","family":"Ranchers","weights":["regular"]},{"category":"display","family":"Mirza","weights":["500","600","700","regular"]},{"category":"display","family":"Passero One","weights":["regular"]},{"category":"display","family":"Ribeye Marrow","weights":["regular"]},{"category":"display","family":"Warnes","weights":["regular"]},{"category":"serif","family":"Montaga","weights":["regular"]},{"category":"serif","family":"Aref Ruqaa","weights":["700","regular"]},{"category":"display","family":"Koulen","weights":["regular"]},{"category":"sans-serif","family":"Galdeano","weights":["regular"]},{"category":"display","family":"Vampiro One","weights":["regular"]},{"category":"display","family":"Rakkas","weights":["regular"]},{"category":"display","family":"Katibeh","weights":["regular"]},{"category":"display","family":"Lancelot","weights":["regular"]},{"category":"handwriting","family":"Romanesco","weights":["regular"]},{"category":"display","family":"Nova Oval","weights":["regular"]},{"category":"display","family":"Averia Gruesa Libre","weights":["regular"]},{"category":"display","family":"Freehand","weights":["regular"]},{"category":"display","family":"Jacques Francois Shadow","weights":["regular"]},{"category":"handwriting","family":"Eagle Lake","weights":["regular"]},{"category":"display","family":"Taprom","weights":["regular"]},{"category":"handwriting","family":"Dekko","weights":["regular"]},{"category":"serif","family":"Cormorant Garamond","weights":["300","500","600","700","300italic","regular","italic","500italic","600italic","700italic"]},{"category":"display","family":"Fascinate","weights":["regular"]},{"category":"display","family":"Gorditas","weights":["700","regular"]},{"category":"display","family":"Elsie Swash Caps","weights":["900","regular"]},{"category":"display","family":"Asset","weights":["regular"]},{"category":"sans-serif","family":"Palanquin Dark","weights":["500","600","700","regular"]},{"category":"handwriting","family":"Devonshire","weights":["regular"]},{"category":"serif","family":"Vesper Libre","weights":["500","700","900","regular"]},{"category":"display","family":"Macondo Swash Caps","weights":["regular"]},{"category":"display","family":"Londrina Outline","weights":["regular"]},{"category":"display","family":"Londrina Shadow","weights":["regular"]},{"category":"handwriting","family":"Felipa","weights":["regular"]},{"category":"display","family":"Sofadi One","weights":["regular"]},{"category":"display","family":"Jomhuria","weights":["regular"]},{"category":"sans-serif","family":"Amiko","weights":["600","700","regular"]},{"category":"sans-serif","family":"Rum Raisin","weights":["regular"]},{"category":"display","family":"Miltonian","weights":["regular"]},{"category":"display","family":"Goblin One","weights":["regular"]},{"category":"display","family":"Moul","weights":["regular"]},{"category":"display","family":"Londrina Sketch","weights":["regular"]},{"category":"display","family":"Nova Cut","weights":["regular"]},{"category":"display","family":"Bayon","weights":["regular"]},{"category":"display","family":"Nova Script","weights":["regular"]},{"category":"display","family":"Sirin Stencil","weights":["regular"]},{"category":"sans-serif","family":"Arya","weights":["700","regular"]},{"category":"display","family":"Geostar Fill","weights":["regular"]},{"category":"serif","family":"Rhodium Libre","weights":["regular"]},{"category":"handwriting","family":"Butterfly Kids","weights":["regular"]},{"category":"sans-serif","family":"Libre Franklin","weights":["100","200","300","500","600","700","800","900","100italic","200italic","300italic","regular","italic","500italic","600italic","700italic","800italic","900italic"]},{"category":"display","family":"Siemreap","weights":["regular"]},{"category":"display","family":"Preahvihear","weights":["regular"]},{"category":"display","family":"Combo","weights":["regular"]},{"category":"sans-serif","family":"Gidugu","weights":["regular"]},{"category":"display","family":"Ewert","weights":["regular"]},{"category":"display","family":"Smokum","weights":["regular"]},{"category":"display","family":"Underdog","weights":["regular"]},{"category":"handwriting","family":"Mrs Sheppards","weights":["regular"]},{"category":"display","family":"Spirax","weights":["regular"]},{"category":"handwriting","family":"Miss Fajardose","weights":["regular"]},{"category":"handwriting","family":"Molle","weights":["italic"]},{"category":"handwriting","family":"Princess Sofia","weights":["regular"]},{"category":"serif","family":"Marko One","weights":["regular"]},{"category":"display","family":"Arbutus","weights":["regular"]},{"category":"display","family":"Plaster","weights":["regular"]},{"category":"sans-serif","family":"Rubik Mono One","weights":["regular"]},{"category":"display","family":"Aubrey","weights":["regular"]},{"category":"display","family":"Bigelow Rules","weights":["regular"]},{"category":"display","family":"Metal Mania","weights":["regular"]},{"category":"display","family":"Metal","weights":["regular"]},{"category":"display","family":"Odor Mean Chey","weights":["regular"]},{"category":"display","family":"Kdam Thmor","weights":["regular"]},{"category":"display","family":"Federant","weights":["regular"]},{"category":"display","family":"Almendra Display","weights":["regular"]},{"category":"display","family":"Geostar","weights":["regular"]},{"category":"display","family":"Eater","weights":["regular"]},{"category":"sans-serif","family":"Tenali Ramakrishna","weights":["regular"]},{"category":"handwriting","family":"Bonbon","weights":["regular"]},{"category":"display","family":"Sevillana","weights":["regular"]},{"category":"display","family":"Supermercado One","weights":["regular"]},{"category":"display","family":"Butcherman","weights":["regular"]},{"category":"display","family":"Erica One","weights":["regular"]},{"category":"display","family":"Macondo","weights":["regular"]},{"category":"handwriting","family":"Amita","weights":["700","regular"]},{"category":"display","family":"Risque","weights":["regular"]},{"category":"sans-serif","family":"Secular One","weights":["regular"]},{"category":"sans-serif","family":"Dhurjati","weights":["regular"]},{"category":"display","family":"Dangrek","weights":["regular"]},{"category":"serif","family":"Pridi","weights":["200","300","500","600","700","regular"]},{"category":"serif","family":"Almendra SC","weights":["regular"]},{"category":"sans-serif","family":"Mitr","weights":["200","300","500","600","700","regular"]},{"category":"sans-serif","family":"El Messiri","weights":["500","600","700","regular"]},{"category":"display","family":"Uncial Antiqua","weights":["regular"]},{"category":"handwriting","family":"Mr Bedfort","weights":["regular"]},{"category":"display","family":"Chenla","weights":["regular"]},{"category":"display","family":"Ranga","weights":["700","regular"]},{"category":"serif","family":"Suravaram","weights":["regular"]},{"category":"display","family":"Emblema One","weights":["regular"]},{"category":"serif","family":"Maitree","weights":["200","300","500","600","700","regular"]},{"category":"handwriting","family":"Tillana","weights":["500","600","700","800","regular"]},{"category":"display","family":"Stalinist One","weights":["regular"]},{"category":"handwriting","family":"Ruge Boogie","weights":["regular"]},{"category":"display","family":"Chela One","weights":["regular"]},{"category":"display","family":"Diplomata SC","weights":["regular"]},{"category":"sans-serif","family":"Changa","weights":["200","300","500","600","700","800","regular"]},{"category":"handwriting","family":"Jim Nightshade","weights":["regular"]},{"category":"display","family":"Bungee","weights":["regular"]},{"category":"serif","family":"Sahitya","weights":["700","regular"]},{"category":"display","family":"Amatica SC","weights":["700","regular"]},{"category":"serif","family":"Taviraj","weights":["100","200","300","500","600","700","800","900","100italic","200italic","300italic","regular","italic","500italic","600italic","700italic","800italic","900italic"]},{"category":"serif","family":"Suez One","weights":["regular"]},{"category":"display","family":"Flavors","weights":["regular"]},{"category":"display","family":"Arima Madurai","weights":["100","200","300","500","700","800","900","regular"]},{"category":"display","family":"Moulpali","weights":["regular"]},{"category":"display","family":"Fascinate Inline","weights":["regular"]},{"category":"monospace","family":"Space Mono","weights":["700","regular","italic","700italic"]},{"category":"display","family":"Unlock","weights":["regular"]},{"category":"sans-serif","family":"Kantumruy","weights":["300","700","regular"]},{"category":"serif","family":"Cormorant","weights":["300","500","600","700","300italic","regular","italic","500italic","600italic","700italic"]},{"category":"handwriting","family":"Sriracha","weights":["regular"]},{"category":"display","family":"Bungee Inline","weights":["regular"]},{"category":"display","family":"Bungee Shade","weights":["regular"]},{"category":"serif","family":"Fasthand","weights":["regular"]},{"category":"sans-serif","family":"Hind Madurai","weights":["300","500","600","700","regular"]},{"category":"display","family":"Fruktur","weights":["regular"]},{"category":"serif","family":"Inknut Antiqua","weights":["300","500","600","700","800","900","regular"]},{"category":"handwriting","family":"Lakki Reddy","weights":["regular"]},{"category":"serif","family":"Cormorant Infant","weights":["300","500","600","700","300italic","regular","italic","500italic","600italic","700italic"]},{"category":"serif","family":"Asar","weights":["regular"]},{"category":"serif","family":"Cormorant SC","weights":["300","500","600","700","regular"]},{"category":"sans-serif","family":"Mada","weights":["300","500","900","regular"]},{"category":"serif","family":"David Libre","weights":["500","700","regular"]},{"category":"sans-serif","family":"Mukta Vaani","weights":["200","300","500","600","700","800","regular"]},{"category":"display","family":"Hanalei","weights":["regular"]},{"category":"sans-serif","family":"Proza Libre","weights":["500","600","700","800","regular","italic","500italic","600italic","700italic","800italic"]},{"category":"serif","family":"Cormorant Upright","weights":["300","500","600","700","regular"]},{"category":"display","family":"Hanalei Fill","weights":["regular"]},{"category":"display","family":"Atma","weights":["300","500","600","700","regular"]},{"category":"serif","family":"Scope One","weights":["regular"]},{"category":"display","family":"Baloo","weights":["regular"]},{"category":"display","family":"Baloo Thambi","weights":["regular"]},{"category":"sans-serif","family":"Reem Kufi","weights":["regular"]},{"category":"sans-serif","family":"Hind Guntur","weights":["300","500","600","700","regular"]},{"category":"sans-serif","family":"Miriam Libre","weights":["700","regular"]},{"category":"display","family":"Modak","weights":["regular"]},{"category":"display","family":"Farsan","weights":["regular"]},{"category":"display","family":"Lemonada","weights":["300","600","700","regular"]},{"category":"serif","family":"BioRhyme","weights":["200","300","700","800","regular"]},{"category":"sans-serif","family":"Frank Ruhl Libre","weights":["300","500","700","900","regular"]},{"category":"display","family":"Shrikhand","weights":["regular"]},{"category":"display","family":"Coiny","weights":["regular"]},{"category":"serif","family":"Yrsa","weights":["300","500","600","700","regular"]},{"category":"serif","family":"Rasa","weights":["300","500","600","700","regular"]},{"category":"display","family":"Ravi Prakash","weights":["regular"]},{"category":"serif","family":"Peddana","weights":["regular"]},{"category":"sans-serif","family":"Chathura","weights":["100","300","700","800","regular"]},{"category":"serif","family":"Cormorant Unicase","weights":["300","500","600","700","regular"]},{"category":"display","family":"Yatra One","weights":["regular"]},{"category":"display","family":"Baloo Bhai","weights":["regular"]},{"category":"serif","family":"BioRhyme Expanded","weights":["200","300","700","800","regular"]},{"category":"sans-serif","family":"Pavanam","weights":["regular"]},{"category":"display","family":"Bungee Hairline","weights":["regular"]},{"category":"handwriting","family":"Kavivanar","weights":["regular"]},{"category":"display","family":"Mogra","weights":["regular"]},{"category":"display","family":"Baloo Da","weights":["regular"]},{"category":"display","family":"Kumar One Outline","weights":["regular"]},{"category":"display","family":"Bungee Outline","weights":["regular"]},{"category":"display","family":"Kumar One","weights":["regular"]},{"category":"sans-serif","family":"Meera Inimai","weights":["regular"]}]