{
  "modules": {
    "iotjs_basic_modules": {
      "require": ["assert", "dns", "http", "net", "stream"]
    },
    "iotjs_core_modules": {
      "require": ["buffer", "console", "events", "fs", "module", "process",
                  "timers"]
    },
    "adc": {
      "platforms": {
        "linux": {
          "native_files": ["modules/linux/iotjs_module_adc-linux.c"]
        },
        "nuttx": {
          "native_files": ["modules/nuttx/iotjs_module_adc-nuttx.c"]
        },
        "tizenrt": {
          "native_files": ["modules/tizenrt/iotjs_module_adc-tizenrt.c"]
        },
        "undefined": {
          "native_files": ["modules/iotjs_module_adc.c"]
        }
      },
      "native_files": ["modules/iotjs_module_adc.c",
                       "modules/iotjs_module_periph_common.c"],
      "init": "iotjs_init_adc",
      "js_file": "js/adc.js"
    },
    "assert": {
      "js_file": "js/assert.js",
      "require": ["util"]
    },
    "ble": {
      "js_file": "js/ble.js",
      "require": ["ble_hci_socket", "ble_characteristic", "ble_descriptor",
                  "ble_hci_socket_acl_stream", "ble_hci_socket_bindings",
                  "ble_hci_socket_crypto", "ble_hci_socket_gap",
                  "ble_hci_socket_gatt", "ble_hci_socket_hci",
                  "ble_hci_socket_hci_status", "ble_hci_socket_mgmt",
                  "ble_hci_socket_smp", "ble_primary_service", "ble_uuid_util"]
    },
    "ble_characteristic": {
      "js_file": "js/ble_characteristic.js",
      "require": ["events", "util"]
    },
    "ble_descriptor": {
      "js_file": "js/ble_descriptor.js",
      "require": ["console"]
    },
    "ble_hci_socket_acl_stream": {
      "js_file": "js/ble_hci_socket_acl_stream.js",
      "require": ["events", "util"]
    },
    "ble_hci_socket_bindings": {
      "js_file": "js/ble_hci_socket_bindings.js",
      "require": ["console", "events", "util", "ble_hci_socket_acl_stream",
                  "ble_hci_socket_hci", "ble_hci_socket_gap",
                  "ble_hci_socket_gatt"]
    },
    "ble_hci_socket_crypto": {
      "js_file": "js/ble_hci_socket_crypto.js"
    },
    "ble_hci_socket_gap": {
      "js_file": "js/ble_hci_socket_gap.js",
      "require": ["console", "events", "util", "ble_hci_socket_hci",
                  "ble_uuid_util"]
    },
    "ble_hci_socket_gatt": {
      "js_file": "js/ble_hci_socket_gatt.js",
      "require": ["console", "events", "util", "ble_uuid_util"]
    },
    "ble_hci_socket_hci": {
      "js_file": "js/ble_hci_socket_hci.js",
      "require": ["console", "events", "util", "ble_uuid_util",
                  "ble_hci_socket"]
    },
    "ble_hci_socket_hci_status": {
      "js_file": "js/ble_hci_socket_hci_status.js"
    },
    "ble_hci_socket_mgmt": {
      "js_file": "js/ble_hci_socket_mgmt.js",
      "require": ["console", "events", "util", "ble_hci_socket"]
    },
    "ble_hci_socket_smp": {
      "js_file": "js/ble_hci_socket_smp.js",
      "require": ["events", "util", "ble_hci_socket_crypto",
                  "ble_hci_socket_mgmt"]
    },
    "ble_primary_service": {
      "js_file": "js/ble_primary_service.js",
      "require": ["events", "util", "ble_uuid_util"]
    },
    "ble_uuid_util": {
      "js_file": "js/ble_uuid_util.js"
    },
    "ble_hci_socket": {
      "platforms": {
        "linux": {
          "native_files": ["modules/linux/iotjs_module_blehcisocket-linux.c"]
        },
        "nuttx": {
          "native_files": ["modules/nuttx/iotjs_module_blehcisocket-nuttx.c"]
        }
      },
      "native_files": ["modules/iotjs_module_blehcisocket.c"],
      "init": "iotjs_init_blehcisocket",
      "js_file": "js/ble_hci_socket.js",
      "require": ["events"]
    },
    "buffer": {
      "native_files": ["modules/iotjs_module_buffer.c"],
      "init": "iotjs_init_buffer",
      "js_file": "js/buffer.js",
      "require": ["util"]
    },
    "console": {
      "native_files": ["modules/iotjs_module_console.c"],
      "init": "iotjs_init_console",
      "js_file": "js/console.js",
      "require": ["util"]
    },
    "constants": {
      "native_files": ["modules/iotjs_module_constants.c"],
      "init": "iotjs_init_constants"
    },
    "crypto": {
      "native_files": ["modules/iotjs_module_crypto.c"],
      "init": "iotjs_init_crypto",
      "js_file": "js/crypto.js"
    },
    "dgram": {
      "js_file": "js/dgram.js",
      "require": ["events", "udp", "util"]
    },
    "dns": {
      "native_files": ["modules/iotjs_module_dns.c"],
      "init": "iotjs_init_dns",
      "js_file": "js/dns.js",
      "require": ["util"]
    },
    "events": {
      "js_file": "js/events.js",
      "require": ["util"]
    },
    "fs": {
      "native_files": ["modules/iotjs_module_fs.c"],
      "init": "iotjs_init_fs",
      "js_file": "js/fs.js",
      "require": ["constants", "util"]
    },
    "gpio": {
      "platforms": {
        "linux": {
          "native_files": ["modules/linux/iotjs_module_gpio-linux.c"]
        },
        "mocklinux": {
          "native_files": ["modules/mock/iotjs_module_gpio-mock.c"]
        },
        "nuttx": {
          "native_files": ["modules/nuttx/iotjs_module_gpio-nuttx.c"]
        },
        "tizen": {
          "native_files": ["modules/tizen/iotjs_module_gpio-tizen.c"]
        },
        "tizenrt": {
          "native_files": ["modules/tizenrt/iotjs_module_gpio-tizenrt.c"]
        }
      },
      "native_files": ["modules/iotjs_module_gpio.c",
                       "modules/iotjs_module_periph_common.c"],
      "init": "iotjs_init_gpio",
      "js_file": "js/gpio.js"
    },
    "http": {
      "js_file": "js/http.js",
      "require": ["http_client", "http_common", "http_incoming",
                  "http_outgoing", "http_server", "http_parser"]
    },
    "http_client": {
      "js_file": "js/http_client.js",
      "require": ["http_common", "http_outgoing", "http_parser", "net", "util"]
    },
    "http_common": {
      "js_file": "js/http_common.js",
      "require": ["http_incoming", "http_parser"]
    },
    "http_incoming": {
      "js_file": "js/http_incoming.js",
      "require": ["stream", "util"]
    },
    "http_outgoing": {
      "js_file": "js/http_outgoing.js",
      "require": ["stream", "util"]
    },
    "http_server": {
      "js_file": "js/http_server.js",
      "require": ["http_common", "http_outgoing", "net", "util"]
    },
    "http_signature": {
      "js_file": "js/http_signature.js",
      "require": ["tls", "crypto"]
    },
    "http_parser": {
      "native_files": ["modules/iotjs_module_http_parser.c"],
      "init": "iotjs_init_http_parser"
    },
    "https": {
      "js_file": "js/https.js",
      "require": ["http_client", "http_parser", "http_server", "net", "tls"]
    },
    "i2c": {
      "platforms": {
        "linux": {
          "native_files": ["modules/linux/iotjs_module_i2c-linux.c"]
        },
        "mocklinux": {
          "native_files": ["modules/mock/iotjs_module_i2c-mock.c"]
        },
        "nuttx": {
          "native_files": ["modules/nuttx/iotjs_module_i2c-nuttx.c"]
        },
        "tizen": {
          "native_files": ["modules/tizen/iotjs_module_i2c-tizen.c"]
        },
        "tizenrt": {
          "native_files": ["modules/tizenrt/iotjs_module_i2c-tizenrt.c"]
        }
      },
      "native_files": ["modules/iotjs_module_i2c.c",
                       "modules/iotjs_module_periph_common.c"],
      "init": "iotjs_init_i2c",
      "js_file": "js/i2c.js"
    },
    "module": {
      "js_file": "js/module.js",
      "require": ["fs"]
    },
    "mqtt": {
      "js_file": "js/mqtt.js",
      "require": ["events", "util", "url"],
      "native_files": ["modules/iotjs_module_mqtt.c"],
      "init": "iotjs_init_mqtt"
    },
    "napi": {
      "native_files": ["modules/iotjs_module_dynamicloader.c",
                       "napi/node_api.c",
                       "napi/node_api_async.c",
                       "napi/node_api_env.c",
                       "napi/node_api_function.c",
                       "napi/node_api_lifetime.c",
                       "napi/node_api_module.c",
                       "napi/node_api_object_wrap.c",
                       "napi/node_api_property.c",
                       "napi/node_api_value.c"],
      "init": "iotjs_init_dynamicloader"
    },
    "net": {
      "js_file": "js/net.js",
      "require": ["assert", "events", "stream", "tcp", "util"]
    },
    "process": {
      "native_files": ["modules/iotjs_module_process.c"],
      "init": "iotjs_init_process"
    },
    "pwm": {
      "platforms": {
        "linux": {
          "native_files": ["modules/linux/iotjs_module_pwm-linux.c"]
        },
        "mocklinux": {
          "native_files": ["modules/mock/iotjs_module_pwm-mock.c"]
        },
        "nuttx": {
          "native_files": ["modules/nuttx/iotjs_module_pwm-nuttx.c"]
        },
        "tizen": {
          "native_files": ["modules/tizen/iotjs_module_pwm-tizen.c"]
        },
        "tizenrt": {
          "native_files": ["modules/tizenrt/iotjs_module_pwm-tizenrt.c"]
        }
      },
      "native_files": ["modules/iotjs_module_pwm.c",
                       "modules/iotjs_module_periph_common.c"],
      "init": "iotjs_init_pwm",
      "js_file": "js/pwm.js"
    },
    "spi": {
      "platforms": {
        "linux": {
          "native_files": ["modules/linux/iotjs_module_spi-linux.c"]
        },
        "nuttx": {
          "native_files": ["modules/nuttx/iotjs_module_spi-nuttx.c"]
        },
        "tizen": {
          "native_files": ["modules/tizen/iotjs_module_spi-tizen.c"]
        },
        "tizenrt": {
          "native_files": ["modules/tizenrt/iotjs_module_spi-tizenrt.c"]
        }
      },
      "native_files": ["modules/iotjs_module_spi.c",
                       "modules/iotjs_module_periph_common.c"],
      "init": "iotjs_init_spi",
      "js_file": "js/spi.js"
    },
    "stm32f4dis": {
      "platforms": {
        "nuttx": {
          "native_files": ["modules/nuttx/iotjs_module_stm32f4dis-nuttx.c"]
        }
      },
      "native_files": ["modules/iotjs_module_stm32f4dis.c"],
      "init": "iotjs_init_stm32f4dis"
    },
    "stm32f7nucleo": {
      "platforms": {
        "nuttx": {
          "native_files": ["modules/nuttx/iotjs_module_stm32f7nucleo-nuttx.c"]
        }
      },
      "native_files": ["modules/iotjs_module_stm32f7nucleo.c"],
      "init": "iotjs_init_stm32f7nucleo"
    },
    "stream": {
      "js_file": "js/stream.js",
      "require": ["stream_duplex", "stream_internal", "stream_readable",
                  "stream_writable", "util"]
    },
    "stream_duplex": {
      "js_file": "js/stream_duplex.js",
      "require": ["stream_readable", "stream_writable", "util"]
    },
    "stream_internal": {
      "js_file": "js/stream_internal.js",
      "require": ["events", "util"]
    },
    "stream_readable": {
      "js_file": "js/stream_readable.js",
      "require": ["assert", "util"]
    },
    "stream_writable": {
      "js_file": "js/stream_writable.js",
      "require": ["util"]
    },
    "tcp": {
      "native_files": ["modules/iotjs_module_tcp.c"],
      "init": "iotjs_init_tcp"
    },
    "timers": {
      "native_files": ["modules/iotjs_module_timer.c"],
      "init": "iotjs_init_timer",
      "js_file": "js/timers.js",
      "require": ["util"]
    },
    "tls": {
      "native_files": ["modules/iotjs_module_tls.c"],
      "init": "iotjs_init_tls",
      "js_file": "js/tls.js",
      "cmakefile": "../cmake/mbedtls.cmake",
      "require": ["net", "util"]
    },
    "uart": {
      "platforms": {
        "linux": {
          "native_files": ["modules/linux/iotjs_module_uart-linux.c"]
        },
        "nuttx": {
          "native_files": ["modules/nuttx/iotjs_module_uart-nuttx.c"]
        },
        "tizen": {
          "native_files": ["modules/tizen/iotjs_module_uart-tizen.c"]
        },
        "tizenrt": {
          "native_files": ["modules/tizenrt/iotjs_module_uart-tizenrt.c"]
        }
      },
      "native_files": ["modules/iotjs_module_uart.c",
                       "modules/iotjs_module_periph_common.c"],
      "init": "iotjs_init_uart",
      "js_file": "js/uart.js",
      "require": ["events"]
    },
    "udp": {
      "native_files": ["modules/iotjs_module_udp.c"],
      "init": "iotjs_init_udp"
    },
    "util": {
      "js_file": "js/util.js"
    },
    "websocket": {
      "native_files": ["modules/iotjs_module_websocket.h",
                       "modules/iotjs_module_websocket.c"],
      "init": "iotjs_init_websocket",
      "js_file": "js/websocket.js",
      "require": ["crypto", "events", "net", "util"]
    },
    "bridge": {
      "native_files": ["modules/iotjs_module_bridge.c"],
      "init": "iotjs_init_bridge",
      "js_file": "js/bridge.js"
    },
    "tizen": {
      "platforms": {
        "tizen": {
          "native_files": ["modules/tizen/iotjs_module_tizen-tizen.c"]
        }
      },
      "native_files": ["modules/iotjs_module_tizen.c"],
      "init": "iotjs_init_tizen",
      "js_file": "js/tizen.js",
      "require": ["bridge", "events", "util"]
    }
  }
}
