{"wp_estate_general_country":"United States","wp_estate_measure_sys":"ft","wp_estate_date_lang":"en-GB","wp_estate_visible_user_role_dropdown":"no","wp_estate_visible_user_role":"","wp_estate_admin_submission_user_role":["Agent","Agency","Developer"],"wp_estate_show_reviews_block":"","wp_estate_admin_approves_reviews":"yes","wp_estate_enable_user_pass":"yes","wp_estate_wide_status":"1","wp_estate_prop_no":"9","wp_estate_prop_list_slider":"1","wp_estate_property_list_type":"1","wp_estate_property_list_type_adv":"2","wp_estate_prop_unit":"grid","wp_estate_agent_sidebar":"left","wp_estate_agent_sidebar_name":"second-footer-widget-area","wp_estate_blog_sidebar":"left","wp_estate_blog_sidebar_name":{"name":"Secondary Widget Area","id":"secondary-widget-area","description":"The secondary widget area","class":"","before_widget":"<li id=\"%1$s\" class=\"widget-container %2$s\">","after_widget":"<\/li>","before_title":"<h3 class=\"widget-title-sidebar\">","after_title":"<\/h3>"},"wp_estate_blog_unit":"grid","wp_estate_logo_margin":"","wp_estate_show_top_bar_user_menu":"yes","wp_estate_show_top_bar_user_menu_mobile":"","wp_estate_show_top_bar_user_login":"no","wp_estate_show_submit":"","wp_estate_header_transparent":"no","wp_estate_logo_header_type":"type1","wp_estate_logo_header_align":"left","wp_estate_text_header_align":"left","wp_estate_wide_header":"no","wp_estate_header_type":"4","wp_estate_paralax_header":"yes","wp_estate_show_footer":"yes","wp_estate_show_footer_copy":"yes","wp_estate_copyright_message":"Buyer\\'s Choice","wp_estate_show_sticky_footer":"","wp_estate_repeat_footer_back":"no repeat","wp_estate_wide_footer":"no","wp_estate_footer_type":"1","wp_estate_prices_th_separator":",","wp_estate_currency_symbol":"$","wp_estate_currency_label_main":"$","wp_estate_where_currency_symbol":"before","wp_estate_auto_curency":"no","wp_estate_feature_list":"attic,\r\ngas heat,\r\nocean view,\r\nwine cellar,\r\nbasketball court,\r\ngym,\r\npound,\r\nfireplace,\r\nlake view,\r\npool,\r\nback yard,\r\nfront yard,\r\nfenced yard,\r\nsprinklers,\r\nwasher and dryer,\r\ndeck,\r\nbalcony,\r\nlaundry,\r\nconcierge,\r\ndoorman,\r\nprivate space,\r\nstorage,\r\nrecreation,\r\nRoof Deck,\r\ninternet","wp_estate_show_no_features":"no","wp_estate_property_adr_text":"Address","wp_estate_property_features_text":"Features","wp_estate_property_description_text":"Description","wp_estate_property_details_text":"Details","wp_estate_slider_cycle":"5000","wp_estate_theme_slider_type":"type1","wp_estate_theme_slider_height":"600","wp_estate_spash_header_type":"","wp_estate_facebook_login":"no","wp_estate_google_login":"no","wp_estate_yahoo_login":"no","wp_estate_use_gdpr":"","wp_estate_readsys":"no","wp_estate_map_max_pins":"30","wp_estate_ssl_map":"yes","wp_estate_general_latitude":"40.577906","wp_estate_general_longitude":"-74.155058","wp_estate_default_map_zoom":"5","wp_estate_default_map_type":"ROADMAP","wp_estate_cache":"no","wp_estate_pin_cluster":"yes","wp_estate_zoom_cluster":"10","wp_estate_idx_enable":"no","wp_estate_geolocation_radius":"5000","wp_estate_min_height":"450","wp_estate_max_height":"590","wp_estate_keep_min":"no","wp_estate_keep_max":"no","wp_estate_show_g_search":"no","wp_estate_use_price_pins":"no","wp_estate_use_price_pins_full_price":"no","wp_estate_use_single_image_pin":"no","wp_estate_rentals":{"url":""},"wp_estate_sales":{"url":""},"wp_estate_apartments":{"url":""},"wp_estate_condos":{"url":""},"wp_estate_duplexes":{"url":""},"wp_estate_houses":{"url":""},"wp_estate_industrial":{"url":""},"wp_estate_land":{"url":""},"wp_estate_offices":{"url":""},"wp_estate_retail":{"url":""},"wp_estate_villas":{"url":""},"wp_estate_apartmentsrentals":{"url":""},"wp_estate_condosrentals":{"url":""},"wp_estate_duplexesrentals":{"url":""},"wp_estate_housesrentals":{"url":""},"wp_estate_industrialrentals":{"url":""},"wp_estate_landrentals":{"url":""},"wp_estate_officesrentals":{"url":""},"wp_estate_retailrentals":{"url":""},"wp_estate_villasrentals":{"url":""},"wp_estate_apartmentssales":{"url":""},"wp_estate_condossales":{"url":""},"wp_estate_duplexessales":{"url":""},"wp_estate_housessales":{"url":""},"wp_estate_industrialsales":{"url":""},"wp_estate_landsales":{"url":""},"wp_estate_officessales":{"url":""},"wp_estate_retailsales":{"url":""},"wp_estate_villassales":{"url":""},"wp_estate_userpin":{"url":""},"wp_estate_idxpin":{"url":""},"wp_estate_show_breadcrumbs":"yes","wp_estate_property_sidebar":"no sidebar","wp_estate_property_sidebar_name":"primary-widget-area","wp_estate_global_property_page_agent_sidebar":"no","wp_estate_global_prpg_slider_type":"full width header","wp_estate_global_prpg_content_type":"tabs","wp_estate_show_graph_prop_page":"yes","wp_estate_show_reviews_prop":"yes","wp_estate_enable_direct_mess":"no","wp_estate_show_lightbox_contact":"no","wp_estate_crop_images_lightbox":"yes","wp_estate_print_show_subunits":"","wp_estate_print_show_agent":"yes","wp_estate_print_show_description":"yes","wp_estate_print_show_adress":"yes","wp_estate_print_show_details":"yes","wp_estate_print_show_features":"yes","wp_estate_print_show_floor_plans":"yes","wp_estate_print_show_images":"yes","opt-info_hover_type":{"url":"http:\/\/rentals1.wpestate.info\/wp-content\/plugins\/wpresidence-core\/img\/menu_types.png"},"wp_estate_top_menu_hover_type":"5","wp_estate_unit_card_type":"2","wp_estate_listings_per_row":"3","wp_estate_agent_listings_per_row":"3","wp_estate_blog_listings_per_row":"3","wp_estate_show_header_dashboard":"yes","wpestate_uset_unit":"","wp_estate_subject_new_user":"Your username and password on %website_url","wp_estate_new_user":"Hi there,\r\nWelcome to %website_url! You can login now using the below credentials:\r\nUsername: %user_login_register\r\nPassword: %user_pass_register\r\nIf you have any problems, please contact me.\r\nThank you!","wp_estate_subject_admin_new_user":"New User Registration","wp_estate_admin_new_user":"New user registration on %website_url.\r\nUsername: %user_login_register, \r\nE-mail: %user_email_register","wp_estate_subject_password_reset_request":"Password Reset Request","wp_estate_password_reset_request":"Someone requested that the password be reset for the following account:\r\n%website_url \r\nUsername: %username.\r\nIf this was a mistake, just ignore this email and nothing will happen. To reset your password, visit the following address:%reset_link,\r\nThank You!","wp_estate_subject_password_reseted":"Your Password was Reset","wp_estate_password_reseted":"Your new password for the account at: %website_url: \r\nUsername:%username, \r\nPassword:%user_pass.\r\nYou can now login with your new password at: %website_url","wp_estate_subject_purchase_activated":"Your purchase was activated","wp_estate_purchase_activated":"Hi there,\r\nYour purchase on  %website_url is activated! You should go check it out.","wp_estate_subject_approved_listing":"Your listing was approved","wp_estate_approved_listing":"Hi there,\r\nYour listing, %property_title was approved on  %website_url! The listing is: %property_url.\r\nYou should go check it out.","wp_estate_subject_new_wire_transfer":"You ordered a new Wire Transfer","wp_estate_new_wire_transfer":"We received your Wire Transfer payment request on  %website_url !\r\nPlease follow the instructions below in order to start submitting properties as soon as possible.\r\nThe invoice number is: %invoice_no, Amount: %total_price. \r\nInstructions:  %payment_details.\r\n","wp_estate_subject_admin_new_wire_transfer":"Somebody ordered a new Wire Transfer","wp_estate_admin_new_wire_transfer":"Hi there,\r\nYou received a new Wire Transfer payment request on %website_url.\r\nThe invoice number is:  %invoice_no,  Amount: %total_price.\r\nPlease wait until the payment is made to activate the user purchase.","wp_estate_subject_admin_expired_listing":"Expired Listing sent for approval on %website_url","wp_estate_admin_expired_listing":"Hi there,\r\nA user has re-submited a new property on %website_url! You should go check it out.\r\nThis is the property title: %submission_title.","wp_estate_subject_matching_submissions":"Matching Submissions on %website_url","wp_estate_matching_submissions":"Hi there,\nA new submission matching your chosen criteria has been published at %website_url.\nThese are the new submissions: \n%matching_submissions\nIf you do not wish to be notified anymore please enter your account and delete the saved search.Thank you!","wp_estate_subject_paid_submissions":"New Paid Submission on %website_url","wp_estate_paid_submissions":"Hi there,\r\nYou have a new paid submission on  %website_url! You should go check it out.","wp_estate_subject_featured_submission":"New Feature Upgrade on  %website_url","wp_estate_featured_submission":"Hi there,\r\nYou have a new featured submission on  %website_url! You should go check it out.","wp_estate_subject_account_downgraded":"Account Downgraded on %website_url","wp_estate_account_downgraded":"Hi there,\r\nYou downgraded your subscription on %website_url. Because your listings number was greater than what the actual package offers, we set the status of all your listings to \\&quot;expired\\&quot;. You will need to choose which listings you want live and send them again for approval.\r\nThank you!","wp_estate_subject_membership_cancelled":"Membership Cancelled on %website_url","wp_estate_membership_cancelled":"Hi there,\r\nYour subscription on %website_url was cancelled because it expired or the recurring payment from the merchant was not processed. All your listings are no longer visible for our visitors but remain in your account.\r\nThank you.","wp_estate_subject_downgrade_warning":"Membership Expiration Warning on %website_url","wp_estate_downgrade_warning":"Hi there,\r\nYour subscription on %website_url will expire in 3 days.Please make sure you renew your subscription or you have enough funds for an auto renew.","wp_estate_subject_free_listing_expired":"Free Listing expired on %website_url","wp_estate_free_listing_expired":"Hi there,\r\nOne of your free listings on  %website_url has \\&quot;expired\\&quot;. The listing is %expired_listing_url.\r\nThank you!","wp_estate_subject_new_listing_submission":"New Listing Submission on %website_url","wp_estate_new_listing_submission":"Hi there,\r\nA user has submited a new property on %website_url! You should go check it out.This is the property title %new_listing_title!","wp_estate_subject_listing_edit":"Listing Edited on %website_url","wp_estate_listing_edit":"Hi there,\r\nA user has edited one of his listings  on %website_url ! You should go check it out. The property name is : %editing_listing_title!","wp_estate_subject_recurring_payment":"Recurring Payment on %website_url","wp_estate_recurring_payment":"Hi there,\nWe charged your account on %merchant for a subscription on %website_url ! You should go check it out.","wp_estate_subject_membership_activated":" Membership Activated on %website_url","wp_estate_membership_activated":"Hi there,\r\nYour new membership on %website_url is activated! You should go check it out.","wp_estate_subject_agent_update_profile":"Profile Update","wp_estate_agent_update_profile":"A user updated his profile on %website_url.\nUsername: %user_profile","wp_estate_use_mimify":"no","wp_estate_remove_script_version":"","info_warning_enable_browser":"<IfModule mod_deflate.c>\n# Insert filters\nAddOutputFilterByType DEFLATE text\/plain\nAddOutputFilterByType DEFLATE text\/html\nAddOutputFilterByType DEFLATE text\/xml\nAddOutputFilterByType DEFLATE text\/css\nAddOutputFilterByType DEFLATE application\/xml\nAddOutputFilterByType DEFLATE application\/xhtml+xml\nAddOutputFilterByType DEFLATE application\/rss+xml\nAddOutputFilterByType DEFLATE application\/javascript\nAddOutputFilterByType DEFLATE application\/x-javascript\nAddOutputFilterByType DEFLATE application\/x-httpd-php\nAddOutputFilterByType DEFLATE application\/x-httpd-fastphp\nAddOutputFilterByType DEFLATE image\/svg+xml\n# Drop problematic browsers\nBrowserMatch ^Mozilla\/4 gzip-only-text\/html\nBrowserMatch ^Mozilla\/4\\.0[678] no-gzip\nBrowserMatch \\bMSI[E] !no-gzip !gzip-only-text\/html\n# Make sure proxies dont deliver the wrong content\nHeader append Vary User-Agent env=!dont-vary\n<\/IfModule>\n## EXPIRES CACHING ##\n<IfModule mod_expires.c>\nExpiresActive On\nExpiresByType image\/jpg \"access 1 year\"\nExpiresByType image\/jpeg \"access 1 year\"\nExpiresByType image\/gif \"access 1 year\"\nExpiresByType image\/png \"access 1 year\"\nExpiresByType text\/css \"access 1 month\"\nExpiresByType text\/html \"access 1 month\"\nExpiresByType application\/pdf \"access 1 month\"\nExpiresByType text\/x-javascript \"access 1 month\"\nExpiresByType application\/x-shockwave-flash \"access 1 month\"\nExpiresByType image\/x-icon \"access 1 year\"\nExpiresDefault \"access 1 month\"\n<\/IfModule>\n## EXPIRES CACHING ##","wp_estate_use_captcha":"","wp_estate_yelp_dist_measure":"","wp_estate_use_optima":"","wp_estate_paid_submission":"membership","wp_estate_free_mem_list":"","wp_estate_free_mem_list_unl":"1","wp_estate_free_feat_list":"","wp_estate_free_feat_list_expiration":"1","wp_estate_free_pack_image_included":"","wp_estate_price_submission":"1","wp_estate_price_featured_submission":"1","wp_estate_admin_submission":"yes","wp_estate_prop_image_number":"","wp_estate_paypal_api":"","wp_estate_submission_curency":"USD","wp_estate_enable_direct_pay":"yes","wp_estate_enable_autocomplete":"yes","wp_estate_submission_page_fields":["wpestate_description","property_price","property_label","property_label_before","prop_category","prop_action_category","attachid","property_address","property_city","property_area","property_zip","property_county","property_country","property_map","property_latitude","property_longitude","google_camera_angle","property_google_view","property_size","property_lot_size","property_rooms","property_bedrooms","property_bathrooms","owner_notes","property_status","embed_video_id","embed_video_type","embed_virtual_tour","property_subunits_list","MLS","property_year","property_garage","property_garage_size","property_date","property_basement","property_external_construction","Exterior_Material","Deposit","Structure_Type","stories_number","property_roofing","attic","gas_heat","ocean_view","wine_cellar","basketball_court","gym","pound","fireplace","lake_view","pool","back_yard","front_yard","fenced_yard","sprinklers","washer_and_dryer","deck","balcony","laundry","concierge","doorman","private_space","storage","recreation","Roof_Deck","internet"],"wp_estate_enable_paypal":"no","wp_estate_enable_stripe":"yes","wp_estate_adv_search_type":"11","wp_estate_show_adv_search_general":"","wp_estate_show_empty_city":"no","wp_estate_show_adv_search_tax":"","wp_estate_show_adv_search_visible":"yes","wp_estate_show_adv_search_extended":"yes","wp_estate_show_dropdowns":"yes","wp_estate_show_slider_price":"yes","wp_estate_show_slider_min_price":"100","wp_estate_show_slider_max_price":"1500000","wp_estate_custom_advanced_search":"yes","wp_estate_search_on_start":"no","wp_estate_sticky_search":"yes","wp_estate_use_float_search_form":"no","wp_estate_adv_search_fields_no":"7","wp_estate_search_fields_no_per_row":"4","wp_estate_use_geo_location":"yes","wp_estate_initial_radius":"12","wp_estate_min_geo_radius":"1","wp_estate_max_geo_radius":"50","wp_estate_geo_radius_measure":"miles","wp_estate_show_save_search":"yes","wp_estate_search_alert":"1","wp_estate_mandatory_page_fields":"","wp_estate_yelp_results_no":"","wp_estate_yelp_categories":"","wp_estate_yelp_client_api_key_2018":"","wp_estate_yelp_client_id":"","wp_estate_recaptha_secretkey":"","wp_estate_recaptha_sitekey":"","wp_estate_walkscore_api":"","wp_estate_generate_pins":"","wp_estate_twitter_cache_time":"","wp_estate_twitter_access_secret":"","wp_estate_twitter_access_token":"","wp_estate_twitter_consumer_secret":"","wp_estate_twitter_consumer_key":"","wp_estate_email_adr":"","wp_estate_duplicate_email_adr":"","wp_estate_global_header":{"url":""},"wp_estate_google_analytics_code":"","wp_estate_header5_info_widget1_icon":"","wp_estate_header5_info_widget1_text1":"","wp_estate_header5_info_widget1_text2":"","wp_estate_header5_info_widget2_icon":"","wp_estate_header5_info_widget2_text1":"","wp_estate_header5_info_widget2_text2":"","wp_estate_header5_info_widget3_text2":"","wp_estate_header5_info_widget3_text1":"","wp_estate_header5_info_widget3_icon":"","wp_estate_splash_slider_gallery":"","wp_estate_splash_slider_transition":"","wp_estate_splash_overlay_opacity":"","wp_estate_splash_page_title":"","wp_estate_splash_page_subtitle":"","wp_estate_splash_page_logo_link":"","wp_estate_adv_back_color_opacity":"0.96","wp_estate_float_form_top":"70%","wp_estate_float_form_top_tax":"70%","wpestate_export_theme_options":"","wp_estate_url_rewrites":["properties","listings","action","city","area","state","agents","agent_listings","agent-action","agent-city","agent-area","agent-state"],"wp_estate_property_multi_text":"","wp_estate_property_multi_child_text":"","wp_estate_adv6_taxonomy":"none","wp_estate_adv6_taxonomy_terms":"","wp_estate_adv6_max_price":"","wp_estate_adv6_min_price":"","wp_estate_global_property_page_template":"","wp_estate_p_fontfamily":"Poppins","wp_estate_p_fontsize":"","wp_estate_p_fontsubset":"","wp_estate_p_lineheight":"","wp_estate_p_fontweight":"","wp_estate_h1_fontfamily":"Poppins","wp_estate_h1_fontsize":"","wp_estate_h1_fontsubset":"","wp_estate_h1_lineheight":"","wp_estate_h1_fontweight":"500","wp_estate_h2_fontfamily":"Poppins","wp_estate_h2_fontsize":"","wp_estate_h2_fontsubset":"","wp_estate_h2_lineheight":"","wp_estate_h2_fontweight":"","wp_estate_h3_fontfamily":"Poppins","wp_estate_h3_fontsize":"","wp_estate_h3_fontsubset":"","wp_estate_h3_lineheight":"","wp_estate_h3_fontweight":"","wp_estate_h4_fontfamily":"Poppins","wp_estate_h4_fontsize":"","wp_estate_h4_fontsubset":"","wp_estate_h4_lineheight":"","wp_estate_h4_fontweight":"","wp_estate_h5_fontfamily":"Poppins","wp_estate_h5_fontsize":"","wp_estate_h5_fontsubset":"","wp_estate_h5_lineheight":"","wp_estate_h5_fontweight":"","wp_estate_h6_fontfamily":"Poppins","wp_estate_h6_fontsize":"","wp_estate_h6_fontsubset":"","wp_estate_h6_lineheight":"","wp_estate_h6_fontweight":"","wp_estate_menu_fontfamily":"Poppins","wp_estate_menu_fontsize":"","wp_estate_menu_fontsubset":"","wp_estate_menu_lineheight":"","wp_estate_menu_fontweight":"","wp_estate_map_controls_back":"f7f7f7","wp_estate_top_menu_font_size":"14","wp_estate_menu_item_font_size":"14","wp_estate_sidebarwidget_internal_padding_top":"","wp_estate_sidebarwidget_internal_padding_left":"","wp_estate_sidebarwidget_internal_padding_bottom":"","wp_estate_sidebarwidget_internal_padding_right":"","wp_estate_widget_sidebar_border_size":"","wp_estate_unit_border_size":"","wp_estate_blog_unit_min_height":"","wp_estate_agent_unit_min_height":"","wp_estate_contentarea_internal_padding_top":"","wp_estate_contentarea_internal_padding_left":"","wp_estate_contentarea_internal_padding_bottom":"","wp_estate_contentarea_internal_padding_right":"","wp_estate_propertyunit_internal_padding_top":"","wp_estate_propertyunit_internal_padding_left":"","wp_estate_propertyunit_internal_padding_bottom":"","wp_estate_propertyunit_internal_padding_right":"","wpestate_property_unit_structure":[[[{"element_name":"image","class_content":"","class_name":"","text":"","icon":"","font":"","color":"","text-align":"","extra_class":""},{"element_name":"favorite","class_content":"position:absolute;right:30px;position:absolute;bottom:30px;position:absolute;position:absolute;font-size:20px;","class_name":"unit_element_3422","text":"","icon":"","font":"20","color":"","text-align":"","extra_class":""},{"element_name":"featured_icon","class_content":"position:absolute;position:absolute;position:absolute;top:20px;position:absolute;left:20px;font-size:30px;color:#fff;","class_name":"unit_element_81438","text":"","icon":"fa-star","font":"30","color":"#fff","text-align":"","extra_class":""}]],[[{"element_name":"title","class_content":"margin-right:30px;margin-left:30px;font-size:16px;color:#303030;","class_name":"unit_element_81367","text":"","icon":"","font":"16","color":"#303030","text-align":"","extra_class":""}]],[[{"element_name":"property_price","class_content":"margin-right:30px;margin-bottom:15px;margin-left:30px;font-size:15px;color:#ffcc00;","class_name":"unit_element_181","text":"","icon":"","font":"15","color":"#ffcc00","text-align":"","extra_class":""}]],[[{"element_name":"description","class_content":"margin-right:28px;margin-bottom:15px;margin-left:30px;font-size:14px;color:#777777;","class_name":"unit_element_67030","text":"","icon":"","font":"14","color":"#777777","text-align":"","extra_class":"custom_desc_2"}]],[[{"element_name":"icon","class_content":"margin-right:7px;margin-left:30px;color:#303030;","class_name":"unit_element_44797","text":"","icon":"fa-bed","font":"","color":"#303030","text-align":"","extra_class":""},{"element_name":"property_rooms","class_content":"color:#303030;","class_name":"unit_element_77818","text":"","icon":"","font":"","color":"#303030","text-align":"","extra_class":""},{"element_name":"icon","class_content":"margin-right:7px;margin-left:25px;color:#303030;","class_name":"unit_element_66146","text":"","icon":"fa-tint","font":"","color":"#303030","text-align":"","extra_class":""},{"element_name":"property_bathrooms","class_content":"color:#303030;","class_name":"unit_element_87068","text":"","icon":"","font":"","color":"#303030","text-align":"","extra_class":""},{"element_name":"icon","class_content":"margin-right:7px;margin-left:25px;color:#303030;","class_name":"unit_element_45518","text":"","icon":"fa-car","font":"","color":"#303030","text-align":"","extra_class":""},{"element_name":"property-garage","class_content":"color:#303030;","class_name":"unit_element_16345","text":"","icon":"","font":"","color":"#303030","text-align":"","extra_class":""},{"element_name":"icon","class_content":"margin-right:7px;margin-left:25px;color:#303030;","class_name":"unit_element_62485","text":"","icon":"fa-map-o","font":"","color":"#303030","text-align":"","extra_class":""},{"element_name":"property_size","class_content":"color:#303030;","class_name":"unit_element_61482","text":"","icon":"","font":"","color":"#303030","text-align":"","extra_class":""},{"element_name":"text","class_content":"color:#303030;","class_name":"unit_element_61165","text":"_sq_ft","icon":"","font":"","color":"#303030","text-align":"","extra_class":""}]],[[{"element_name":"custom_div","class_content":"","class_name":"unit_element_35132","text":"custom_separator","icon":"","font":"","color":"","text-align":"","extra_class":""}]],[[{"element_name":"property_agent_picture","class_content":"margin-right:15px;margin-bottom:15px;margin-top:15px;margin-left:30px;","class_name":"unit_element_90313","text":"","icon":"","font":"","color":"","text-align":"","extra_class":""},{"element_name":"property_agent","class_content":"position:absolute;position:absolute;position:absolute;top:23px;position:absolute;left:70px;","class_name":"unit_element_95686","text":"","icon":"","font":"","color":"","text-align":"","extra_class":""},{"element_name":"share","class_content":"position:absolute;right:30px;position:absolute;bottom:23px;position:absolute;position:absolute;","class_name":"unit_element_66801","text":"","icon":"","font":"","color":"","text-align":"","extra_class":""}]]],"wpestate_property_page_content":"1<div class=\\\"prop_full_width ui-sortable-handle\\\" style=\\\"height: auto;\\\"><div class=\\\"prop-columns col-prop-12 ui-sortable\\\"><div class=\\\"add_prop_design_element\\\">+<\/div><div class=\\\"design_element_col\\\" data-tip=\\\"image\\\">image <span class=\\\"custom_css_design\\\"><\/span><span class=\\\"delete_element_design\\\"><\/span><\/div><div class=\\\"design_element_col\\\" data-tip=\\\"favorite\\\" data-icon-image=\\\"\\\" data-custom-text=\\\"\\\" data-font-size=\\\"20\\\" data-color=\\\"\\\" data-text-align=\\\"\\\" data-fontsize=\\\"\\\" data-mystyle=\\\"position:absolute;right:30px;position:absolute;bottom:30px;position:absolute;position:absolute;font-size:20px;\\\" data-mystyle-class=\\\"unit_element_3422\\\">favorite <span class=\\\"custom_css_design\\\" data-position-absolute=\\\"1\\\" data-icon-image=\\\"\\\" data-custom-text=\\\"\\\" data-margin-right=\\\"30\\\" data-margin-bottom=\\\"30\\\" data-margin-top=\\\"\\\" data-margin-left=\\\"\\\" data-font-size=\\\"20\\\" data-color=\\\"\\\" data-background-color=\\\"\\\" data-padding-top=\\\"\\\" data-padding-left=\\\"\\\" data-padding-bottom=\\\"\\\" data-padding-right=\\\"\\\" data-text-align=\\\"\\\"><\/span><span class=\\\"delete_element_design\\\"><\/span><\/div><div class=\\\"design_element_col\\\" data-tip=\\\"featured_icon\\\" data-icon-image=\\\"fa-star\\\" data-custom-text=\\\"\\\" data-font-size=\\\"30\\\" data-color=\\\"#fff\\\" data-text-align=\\\"\\\" data-extra_css=\\\"\\\" data-fontsize=\\\"\\\" data-mystyle=\\\"position:absolute;position:absolute;position:absolute;top:20px;position:absolute;left:20px;font-size:30px;color:#fff;\\\" data-mystyle-class=\\\"unit_element_81438\\\">featured_icon <span class=\\\"custom_css_design\\\" data-position-absolute=\\\"1\\\" data-icon-image=\\\"fa-star\\\" data-custom-text=\\\"\\\" data-margin-right=\\\"\\\" data-margin-bottom=\\\"\\\" data-margin-top=\\\"20\\\" data-margin-left=\\\"20\\\" data-font-size=\\\"30\\\" data-color=\\\"#fff\\\" data-background-color=\\\"\\\" data-padding-top=\\\"\\\" data-padding-left=\\\"\\\" data-padding-bottom=\\\"\\\" data-padding-right=\\\"\\\" data-text-align=\\\"\\\" data-extra_css=\\\"\\\"><\/span><span class=\\\"delete_element_design\\\"><\/span><\/div><\/div><div class=\\\"delete_design_el\\\"><\/div><div class=\\\"prop-col-control-wrapper\\\"><div class=\\\"prop-col-control\\\" data-separation=\\\"1\/2+1\/2\\\">1\/2<\/div><div class=\\\"prop-col-control\\\" data-separation=\\\"1\/3+1\/3+1\/3\\\">1\/3<\/div><div class=\\\"prop-col-control\\\" data-separation=\\\"1\/4+1\/4+1\/4+1\/4\\\">1\/4<\/div><\/div><\/div><div class=\\\"prop_full_width ui-sortable-handle\\\" style=\\\"height: auto;\\\"><div class=\\\"prop-columns col-prop-12 ui-sortable\\\"><div class=\\\"add_prop_design_element\\\">+<\/div><div class=\\\"design_element_col\\\" data-tip=\\\"title\\\" data-icon-image=\\\"\\\" data-custom-text=\\\"\\\" data-font-size=\\\"16\\\" data-color=\\\"#303030\\\" data-text-align=\\\"\\\" data-fontsize=\\\"\\\" data-mystyle=\\\"margin-right:30px;margin-left:30px;font-size:16px;color:#303030;\\\" data-mystyle-class=\\\"unit_element_81367\\\">title <span class=\\\"custom_css_design\\\" data-position-absolute=\\\"0\\\" data-icon-image=\\\"\\\" data-custom-text=\\\"\\\" data-margin-right=\\\"30\\\" data-margin-bottom=\\\"\\\" data-margin-top=\\\"\\\" data-margin-left=\\\"30\\\" data-font-size=\\\"16\\\" data-color=\\\"#303030\\\" data-background-color=\\\"\\\" data-padding-top=\\\"\\\" data-padding-left=\\\"\\\" data-padding-bottom=\\\"\\\" data-padding-right=\\\"\\\" data-text-align=\\\"\\\"><\/span><span class=\\\"delete_element_design\\\"><\/span><\/div><\/div><div class=\\\"delete_design_el\\\"><\/div><div class=\\\"prop-col-control-wrapper\\\"><div class=\\\"prop-col-control\\\" data-separation=\\\"1\/2+1\/2\\\">1\/2<\/div><div class=\\\"prop-col-control\\\" data-separation=\\\"1\/3+1\/3+1\/3\\\">1\/3<\/div><div class=\\\"prop-col-control\\\" data-separation=\\\"1\/4+1\/4+1\/4+1\/4\\\">1\/4<\/div><\/div><\/div><div class=\\\"prop_full_width block ui-sortable-handle\\\" style=\\\"position: relative; left: 0px; top: 0px;\\\"><div class=\\\"prop-columns col-prop-12 ui-sortable\\\"><div class=\\\"add_prop_design_element\\\">+<\/div><div class=\\\"design_element_col\\\" data-tip=\\\"property_price\\\" data-icon-image=\\\"\\\" data-custom-text=\\\"\\\" data-font-size=\\\"15\\\" data-color=\\\"#ffcc00\\\" data-text-align=\\\"\\\" data-extra_css=\\\"\\\" data-fontsize=\\\"\\\" data-mystyle=\\\"margin-right:30px;margin-bottom:15px;margin-left:30px;font-size:15px;color:#ffcc00;\\\" data-mystyle-class=\\\"unit_element_181\\\">property_price <span class=\\\"custom_css_design\\\" data-position-absolute=\\\"0\\\" data-icon-image=\\\"\\\" data-custom-text=\\\"\\\" data-margin-right=\\\"30\\\" data-margin-bottom=\\\"15\\\" data-margin-top=\\\"\\\" data-margin-left=\\\"30\\\" data-font-size=\\\"15\\\" data-color=\\\"#ffcc00\\\" data-background-color=\\\"\\\" data-padding-top=\\\"\\\" data-padding-left=\\\"\\\" data-padding-bottom=\\\"\\\" data-padding-right=\\\"\\\" data-text-align=\\\"\\\" data-extra_css=\\\"\\\"><\/span><span class=\\\"delete_element_design\\\"><\/span><\/div><\/div><div class=\\\"delete_design_el\\\"><\/div><div class=\\\"prop-col-control-wrapper\\\"><div class=\\\"prop-col-control\\\" data-separation=\\\"1\/2+1\/2\\\">1\/2<\/div><div class=\\\"prop-col-control\\\" data-separation=\\\"1\/3+1\/3+1\/3\\\">1\/3<\/div><div class=\\\"prop-col-control\\\" data-separation=\\\"1\/4+1\/4+1\/4+1\/4\\\">1\/4<\/div><\/div><\/div><div class=\\\"prop_full_width ui-sortable-handle\\\" style=\\\"height: auto;\\\"><div class=\\\"prop-columns col-prop-12 ui-sortable\\\"><div class=\\\"add_prop_design_element\\\">+<\/div><div class=\\\"design_element_col\\\" data-tip=\\\"description\\\" data-icon-image=\\\"\\\" data-custom-text=\\\"\\\" data-font-size=\\\"14\\\" data-color=\\\"#777777\\\" data-text-align=\\\"\\\" data-extra_css=\\\"custom_desc_2\\\" data-fontsize=\\\"\\\" data-mystyle=\\\"margin-right:28px;margin-bottom:15px;margin-left:30px;font-size:14px;color:#777777;\\\" data-mystyle-class=\\\"unit_element_67030\\\">description <span class=\\\"custom_css_design\\\" data-position-absolute=\\\"0\\\" data-icon-image=\\\"\\\" data-custom-text=\\\"\\\" data-margin-right=\\\"28\\\" data-margin-bottom=\\\"15\\\" data-margin-top=\\\"\\\" data-margin-left=\\\"30\\\" data-font-size=\\\"14\\\" data-color=\\\"#777777\\\" data-background-color=\\\"\\\" data-padding-top=\\\"\\\" data-padding-left=\\\"\\\" data-padding-bottom=\\\"\\\" data-padding-right=\\\"\\\" data-text-align=\\\"\\\" data-extra_css=\\\"custom_desc_2\\\"><\/span><span class=\\\"delete_element_design\\\"><\/span><\/div><\/div><div class=\\\"delete_design_el\\\"><\/div><div class=\\\"prop-col-control-wrapper\\\"><div class=\\\"prop-col-control\\\" data-separation=\\\"1\/2+1\/2\\\">1\/2<\/div><div class=\\\"prop-col-control\\\" data-separation=\\\"1\/3+1\/3+1\/3\\\">1\/3<\/div><div class=\\\"prop-col-control\\\" data-separation=\\\"1\/4+1\/4+1\/4+1\/4\\\">1\/4<\/div><\/div><\/div><div class=\\\"prop_full_width block ui-sortable-handle\\\" style=\\\"position: relative; left: 0px; top: 0px; height: auto;\\\"><div class=\\\"prop-columns col-prop-12 ui-sortable\\\"><div class=\\\"add_prop_design_element\\\">+<\/div><div class=\\\"design_element_col\\\" data-tip=\\\"icon\\\" data-icon-image=\\\"fa-bed\\\" data-custom-text=\\\"\\\" data-font-size=\\\"\\\" data-color=\\\"#303030\\\" data-text-align=\\\"\\\" data-extra_css=\\\"\\\" data-fontsize=\\\"\\\" data-mystyle=\\\"margin-right:7px;margin-left:30px;color:#303030;\\\" data-mystyle-class=\\\"unit_element_44797\\\">icon <span class=\\\"custom_css_design\\\" data-position-absolute=\\\"0\\\" data-icon-image=\\\"fa-bed\\\" data-custom-text=\\\"\\\" data-margin-right=\\\"7\\\" data-margin-bottom=\\\"\\\" data-margin-top=\\\"\\\" data-margin-left=\\\"30\\\" data-font-size=\\\"\\\" data-color=\\\"#303030\\\" data-background-color=\\\"\\\" data-padding-top=\\\"\\\" data-padding-left=\\\"\\\" data-padding-bottom=\\\"\\\" data-padding-right=\\\"\\\" data-text-align=\\\"\\\" data-extra_css=\\\"\\\"><\/span><span class=\\\"delete_element_design\\\"><\/span><\/div><div class=\\\"design_element_col\\\" data-tip=\\\"property_rooms\\\" data-icon-image=\\\"\\\" data-custom-text=\\\"\\\" data-font-size=\\\"\\\" data-color=\\\"#303030\\\" data-text-align=\\\"\\\" data-extra_css=\\\"\\\" data-fontsize=\\\"\\\" data-mystyle=\\\"color:#303030;\\\" data-mystyle-class=\\\"unit_element_77818\\\">property_rooms <span class=\\\"custom_css_design\\\" data-position-absolute=\\\"0\\\" data-icon-image=\\\"\\\" data-custom-text=\\\"\\\" data-margin-right=\\\"\\\" data-margin-bottom=\\\"\\\" data-margin-top=\\\"\\\" data-margin-left=\\\"\\\" data-font-size=\\\"\\\" data-color=\\\"#303030\\\" data-background-color=\\\"\\\" data-padding-top=\\\"\\\" data-padding-left=\\\"\\\" data-padding-bottom=\\\"\\\" data-padding-right=\\\"\\\" data-text-align=\\\"\\\" data-extra_css=\\\"\\\"><\/span><span class=\\\"delete_element_design\\\"><\/span><\/div><div class=\\\"design_element_col\\\" data-tip=\\\"icon\\\" data-icon-image=\\\"fa-tint\\\" data-custom-text=\\\"\\\" data-font-size=\\\"\\\" data-color=\\\"#303030\\\" data-text-align=\\\"\\\" data-extra_css=\\\"\\\" data-fontsize=\\\"\\\" data-mystyle=\\\"margin-right:7px;margin-left:25px;color:#303030;\\\" data-mystyle-class=\\\"unit_element_66146\\\">icon <span class=\\\"custom_css_design\\\" data-position-absolute=\\\"0\\\" data-icon-image=\\\"fa-tint\\\" data-custom-text=\\\"\\\" data-margin-right=\\\"7\\\" data-margin-bottom=\\\"\\\" data-margin-top=\\\"\\\" data-margin-left=\\\"25\\\" data-font-size=\\\"\\\" data-color=\\\"#303030\\\" data-background-color=\\\"\\\" data-padding-top=\\\"\\\" data-padding-left=\\\"\\\" data-padding-bottom=\\\"\\\" data-padding-right=\\\"\\\" data-text-align=\\\"\\\" data-extra_css=\\\"\\\"><\/span><span class=\\\"delete_element_design\\\"><\/span><\/div><div class=\\\"design_element_col\\\" data-tip=\\\"property_bathrooms\\\" data-icon-image=\\\"\\\" data-custom-text=\\\"\\\" data-font-size=\\\"\\\" data-color=\\\"#303030\\\" data-text-align=\\\"\\\" data-extra_css=\\\"\\\" data-fontsize=\\\"\\\" data-mystyle=\\\"color:#303030;\\\" data-mystyle-class=\\\"unit_element_87068\\\">property_bathrooms <span class=\\\"custom_css_design\\\" data-icon-image=\\\"\\\" data-custom-text=\\\"\\\" data-margin-right=\\\"\\\" data-margin-bottom=\\\"\\\" data-margin-top=\\\"\\\" data-margin-left=\\\"\\\" data-font-size=\\\"\\\" data-color=\\\"#303030\\\" data-background-color=\\\"\\\" data-padding-top=\\\"\\\" data-padding-left=\\\"\\\" data-padding-bottom=\\\"\\\" data-padding-right=\\\"\\\" data-text-align=\\\"\\\" data-extra_css=\\\"\\\" data-position-absolute=\\\"0\\\"><\/span><span class=\\\"delete_element_design\\\"><\/span><\/div><div class=\\\"design_element_col\\\" data-tip=\\\"icon\\\" data-icon-image=\\\"fa-car\\\" data-custom-text=\\\"\\\" data-font-size=\\\"\\\" data-color=\\\"#303030\\\" data-text-align=\\\"\\\" data-extra_css=\\\"\\\" data-fontsize=\\\"\\\" data-mystyle=\\\"margin-right:7px;margin-left:25px;color:#303030;\\\" data-mystyle-class=\\\"unit_element_45518\\\">icon <span class=\\\"custom_css_design\\\" data-position-absolute=\\\"0\\\" data-icon-image=\\\"fa-car\\\" data-custom-text=\\\"\\\" data-margin-right=\\\"7\\\" data-margin-bottom=\\\"\\\" data-margin-top=\\\"\\\" data-margin-left=\\\"25\\\" data-font-size=\\\"\\\" data-color=\\\"#303030\\\" data-background-color=\\\"\\\" data-padding-top=\\\"\\\" data-padding-left=\\\"\\\" data-padding-bottom=\\\"\\\" data-padding-right=\\\"\\\" data-text-align=\\\"\\\" data-extra_css=\\\"\\\"><\/span><span class=\\\"delete_element_design\\\"><\/span><\/div><div class=\\\"design_element_col\\\" data-tip=\\\"property-garage\\\" data-icon-image=\\\"\\\" data-custom-text=\\\"\\\" data-font-size=\\\"\\\" data-color=\\\"#303030\\\" data-text-align=\\\"\\\" data-extra_css=\\\"\\\" data-fontsize=\\\"\\\" data-mystyle=\\\"color:#303030;\\\" data-mystyle-class=\\\"unit_element_16345\\\">property-garage <span class=\\\"custom_css_design\\\" data-icon-image=\\\"\\\" data-custom-text=\\\"\\\" data-margin-right=\\\"\\\" data-margin-bottom=\\\"\\\" data-margin-top=\\\"\\\" data-margin-left=\\\"\\\" data-font-size=\\\"\\\" data-color=\\\"#303030\\\" data-background-color=\\\"\\\" data-padding-top=\\\"\\\" data-padding-left=\\\"\\\" data-padding-bottom=\\\"\\\" data-padding-right=\\\"\\\" data-text-align=\\\"\\\" data-extra_css=\\\"\\\" data-position-absolute=\\\"0\\\"><\/span><span class=\\\"delete_element_design\\\"><\/span><\/div><div class=\\\"design_element_col\\\" data-tip=\\\"icon\\\" data-icon-image=\\\"fa-map-o\\\" data-custom-text=\\\"\\\" data-font-size=\\\"\\\" data-color=\\\"#303030\\\" data-text-align=\\\"\\\" data-extra_css=\\\"\\\" data-fontsize=\\\"\\\" data-mystyle=\\\"margin-right:7px;margin-left:25px;color:#303030;\\\" data-mystyle-class=\\\"unit_element_62485\\\">icon <span class=\\\"custom_css_design\\\" data-position-absolute=\\\"0\\\" data-icon-image=\\\"fa-map-o\\\" data-custom-text=\\\"\\\" data-margin-right=\\\"7\\\" data-margin-bottom=\\\"\\\" data-margin-top=\\\"\\\" data-margin-left=\\\"25\\\" data-font-size=\\\"\\\" data-color=\\\"#303030\\\" data-background-color=\\\"\\\" data-padding-top=\\\"\\\" data-padding-left=\\\"\\\" data-padding-bottom=\\\"\\\" data-padding-right=\\\"\\\" data-text-align=\\\"\\\" data-extra_css=\\\"\\\"><\/span><span class=\\\"delete_element_design\\\"><\/span><\/div><div class=\\\"design_element_col\\\" data-tip=\\\"property_size\\\" data-icon-image=\\\"\\\" data-custom-text=\\\"\\\" data-font-size=\\\"\\\" data-color=\\\"#303030\\\" data-text-align=\\\"\\\" data-extra_css=\\\"\\\" data-fontsize=\\\"\\\" data-mystyle=\\\"color:#303030;\\\" data-mystyle-class=\\\"unit_element_61482\\\">property_size <span class=\\\"custom_css_design\\\" data-position-absolute=\\\"0\\\" data-icon-image=\\\"\\\" data-custom-text=\\\"\\\" data-margin-right=\\\"\\\" data-margin-bottom=\\\"\\\" data-margin-top=\\\"\\\" data-margin-left=\\\"\\\" data-font-size=\\\"\\\" data-color=\\\"#303030\\\" data-background-color=\\\"\\\" data-padding-top=\\\"\\\" data-padding-left=\\\"\\\" data-padding-bottom=\\\"\\\" data-padding-right=\\\"\\\" data-text-align=\\\"\\\" data-extra_css=\\\"\\\"><\/span><span class=\\\"delete_element_design\\\"><\/span><\/div><div class=\\\"design_element_col\\\" data-tip=\\\"text\\\" data-icon-image=\\\"\\\" data-custom-text=\\\"_sq_ft\\\" data-font-size=\\\"\\\" data-color=\\\"#303030\\\" data-text-align=\\\"\\\" data-extra_css=\\\"\\\" data-fontsize=\\\"\\\" data-mystyle=\\\"color:#303030;\\\" data-mystyle-class=\\\"unit_element_61165\\\">text <span class=\\\"custom_css_design\\\" data-position-absolute=\\\"0\\\" data-icon-image=\\\"\\\" data-custom-text=\\\" sq ft\\\" data-margin-right=\\\"\\\" data-margin-bottom=\\\"\\\" data-margin-top=\\\"\\\" data-margin-left=\\\"\\\" data-font-size=\\\"\\\" data-color=\\\"#303030\\\" data-background-color=\\\"\\\" data-padding-top=\\\"\\\" data-padding-left=\\\"\\\" data-padding-bottom=\\\"\\\" data-padding-right=\\\"\\\" data-text-align=\\\"\\\" data-extra_css=\\\"\\\"><\/span><span class=\\\"delete_element_design\\\"><\/span><\/div><\/div><div class=\\\"delete_design_el\\\"><\/div><div class=\\\"prop-col-control-wrapper\\\"><div class=\\\"prop-col-control\\\" data-separation=\\\"1\/2+1\/2\\\">1\/2<\/div><div class=\\\"prop-col-control\\\" data-separation=\\\"1\/3+1\/3+1\/3\\\">1\/3<\/div><div class=\\\"prop-col-control\\\" data-separation=\\\"1\/4+1\/4+1\/4+1\/4\\\">1\/4<\/div><\/div><\/div><div class=\\\"prop_full_width ui-sortable-handle\\\" style=\\\"position: relative; left: 0px; top: 0px; height: auto;\\\"><div class=\\\"prop-columns col-prop-12 ui-sortable\\\"><div class=\\\"add_prop_design_element\\\">+<\/div><div class=\\\"design_element_col\\\" data-tip=\\\"custom_div\\\" data-icon-image=\\\"\\\" data-custom-text=\\\"custom_separator\\\" data-font-size=\\\"\\\" data-color=\\\"\\\" data-text-align=\\\"\\\" data-fontsize=\\\"\\\" data-mystyle=\\\"\\\" data-mystyle-class=\\\"unit_element_35132\\\">custom_div <span class=\\\"custom_css_design\\\" data-icon-image=\\\"\\\" data-custom-text=\\\"custom_separator\\\" data-margin-right=\\\"\\\" data-margin-bottom=\\\"\\\" data-margin-top=\\\"\\\" data-margin-left=\\\"\\\" data-font-size=\\\"\\\" data-color=\\\"\\\" data-background-color=\\\"\\\" data-padding-top=\\\"\\\" data-padding-left=\\\"\\\" data-padding-bottom=\\\"\\\" data-padding-right=\\\"\\\" data-text-align=\\\"\\\" data-position-absolute=\\\"0\\\"><\/span><span class=\\\"delete_element_design\\\"><\/span><\/div><\/div><div class=\\\"delete_design_el\\\"><\/div><div class=\\\"prop-col-control-wrapper\\\"><div class=\\\"prop-col-control\\\" data-separation=\\\"1\/2+1\/2\\\">1\/2<\/div><div class=\\\"prop-col-control\\\" data-separation=\\\"1\/3+1\/3+1\/3\\\">1\/3<\/div><div class=\\\"prop-col-control\\\" data-separation=\\\"1\/4+1\/4+1\/4+1\/4\\\">1\/4<\/div><\/div><\/div><div class=\\\"prop_full_width ui-sortable-handle\\\" style=\\\"height: auto;\\\"><div class=\\\"prop-columns col-prop-12 ui-sortable\\\"><div class=\\\"add_prop_design_element\\\">+<\/div><div class=\\\"design_element_col\\\" data-tip=\\\"property_agent_picture\\\" data-icon-image=\\\"\\\" data-custom-text=\\\"\\\" data-font-size=\\\"\\\" data-color=\\\"\\\" data-text-align=\\\"\\\" data-fontsize=\\\"\\\" data-mystyle=\\\"margin-right:15px;margin-bottom:15px;margin-top:15px;margin-left:30px;\\\" data-mystyle-class=\\\"unit_element_90313\\\">property_agent_picture <span class=\\\"custom_css_design\\\" data-position-absolute=\\\"0\\\" data-icon-image=\\\"\\\" data-custom-text=\\\"\\\" data-margin-right=\\\"15\\\" data-margin-bottom=\\\"15\\\" data-margin-top=\\\"15\\\" data-margin-left=\\\"30\\\" data-font-size=\\\"\\\" data-color=\\\"\\\" data-background-color=\\\"\\\" data-padding-top=\\\"\\\" data-padding-left=\\\"\\\" data-padding-bottom=\\\"\\\" data-padding-right=\\\"\\\" data-text-align=\\\"\\\"><\/span><span class=\\\"delete_element_design\\\"><\/span><\/div><div class=\\\"design_element_col\\\" data-tip=\\\"property_agent\\\" data-icon-image=\\\"\\\" data-custom-text=\\\"\\\" data-font-size=\\\"\\\" data-color=\\\"\\\" data-text-align=\\\"\\\" data-fontsize=\\\"\\\" data-mystyle=\\\"position:absolute;position:absolute;position:absolute;top:23px;position:absolute;left:70px;\\\" data-mystyle-class=\\\"unit_element_95686\\\">property_agent <span class=\\\"custom_css_design\\\" data-position-absolute=\\\"1\\\" data-icon-image=\\\"\\\" data-custom-text=\\\"\\\" data-margin-right=\\\"\\\" data-margin-bottom=\\\"\\\" data-margin-top=\\\"23\\\" data-margin-left=\\\"70\\\" data-font-size=\\\"\\\" data-color=\\\"\\\" data-background-color=\\\"\\\" data-padding-top=\\\"\\\" data-padding-left=\\\"\\\" data-padding-bottom=\\\"\\\" data-padding-right=\\\"\\\" data-text-align=\\\"\\\"><\/span><span class=\\\"delete_element_design\\\"><\/span><\/div><div class=\\\"design_element_col\\\" data-tip=\\\"share\\\" data-icon-image=\\\"\\\" data-custom-text=\\\"\\\" data-font-size=\\\"\\\" data-color=\\\"\\\" data-text-align=\\\"\\\" data-fontsize=\\\"\\\" data-mystyle=\\\"position:absolute;right:30px;position:absolute;bottom:23px;position:absolute;position:absolute;\\\" data-mystyle-class=\\\"unit_element_66801\\\">share <span class=\\\"custom_css_design\\\" data-position-absolute=\\\"1\\\" data-icon-image=\\\"\\\" data-custom-text=\\\"\\\" data-margin-right=\\\"30\\\" data-margin-bottom=\\\"23\\\" data-margin-top=\\\"\\\" data-margin-left=\\\"\\\" data-font-size=\\\"\\\" data-color=\\\"\\\" data-background-color=\\\"\\\" data-padding-top=\\\"\\\" data-padding-left=\\\"\\\" data-padding-bottom=\\\"\\\" data-padding-right=\\\"\\\" data-text-align=\\\"\\\"><\/span><span class=\\\"delete_element_design\\\"><\/span><\/div><\/div><div class=\\\"delete_design_el\\\"><\/div><div class=\\\"prop-col-control-wrapper\\\"><div class=\\\"prop-col-control\\\" data-separation=\\\"1\/2+1\/2\\\">1\/2<\/div><div class=\\\"prop-col-control\\\" data-separation=\\\"1\/3+1\/3+1\/3\\\">1\/3<\/div><div class=\\\"prop-col-control\\\" data-separation=\\\"1\/4+1\/4+1\/4+1\/4\\\">1\/4<\/div><\/div><\/div>","wp_estate_main_grid_content_width":"","wp_estate_main_content_width":"","wp_estate_header_height":"","wp_estate_sticky_header_height":"","wp_estate_border_radius_corner":"","wp_estate_cssbox_shadow":"none","wp_estate_prop_unit_min_height":"470","wp_estate_border_bottom_header":"","wp_estate_sticky_border_bottom_header":"","wp_estate_facebook_api":"","wp_estate_facebook_secret":"","wp_estate_google_oauth_api":"","wp_estate_google_oauth_client_secret":"","wp_estate_google_api_key":"","wp_estate_show_adv_search_map_close":"yes","wp_estate_hq_latitude":"40.781711","wp_estate_hq_longitude":"-73.955927","wp_estate_show_adv_search":"yes","wp_estate_cron_run":"1412580945","wp_estate_status_list":"hot status,\r\ncold status,\r\nopen house,\r\nsold","wp_estate_color_scheme":"no","wp_estate_top_bar_back":"303030","wp_estate_top_bar_font":"ffffff","wp_estate_api_key":"","wp_estate_stripe_secret_key":"","wp_estate_stripe_publishable_key":"","wp_estate_paypal_client_id":"","wp_estate_paypal_client_secret":"","wp_estate_paypal_rec_email":"","wpestate_currency":{"add_curr_name":["CAD","EUR"],"add_curr_label":["CAD","EUR"],"add_curr_value":["1.3329","0.9069"],"add_curr_order":["before","before"]},"wpestate_custom_fields_list":{"add_field_name":["MLS","property year","property garage","property garage size","property date","property basement","property external construction","Exterior Material","Deposit","Structure Type","stories number","property roofing"],"add_field_label":["Custom ID","Year Built","Garages","Garage Size","Available from","Basement","External Construction","Exterior Material","Deposit","Structure Type","Floors No","Roofing"],"add_field_order":["1","2","3","4","5","6","7","8","10","10","11","11"],"add_field_type":["short text","numeric","short text","short text","date","short text","short text","short text","short text","dropdown","dropdown","short text"],"add_dropdown_order":["","","","","","","","","","Brick, Wood, Cement","1, 2, 3, 4, 5, 6",""]},"wp_estate_custom_css":"#access ul.menu &gt;li&gt;a{\r\nfont-weight:500;\r\n}\r\n\r\n#access ul li.with-megamenu&gt;ul.sub-menu, \r\n#access ul li.with-megamenu:hover&gt;ul.sub-menu{\r\nmax-width:1210px;\r\n}\r\n\r\n.home.page .top_bar_wrapper{\r\nbackground:transparent;\r\nborder:none;\r\n}\r\n\r\n.home.page.has_top_bar .has_header_type1.header_transparent .header_media {\r\n    padding-top: 0px;\r\n}\r\n\r\n.home.page.admin-bar.has_top_bar .has_header_type1.header_transparent .header_media {\r\n    padding-top: 32px;\r\n}\r\n\r\n#access ul ul a,\r\n#access ul ul{\r\nborder:none!important;\r\n}\r\n\r\n#add_favorites{\r\n    padding: 5px 10px 3px 10px!important;\r\n    background-color: #303030!important;\r\n}\r\n\r\n.losagneles_rent_front_row{\r\nopacity:0.7;\r\n}\r\n\r\n.vc_grid-filter.vc_grid-filter-color-white&gt;.vc_grid-filter-item.vc_active{\r\nbackground:transparent;\r\ncolor:#fff;\r\n}\r\n\r\n.vc_grid-filter.vc_grid-filter-color-white&gt;.vc_grid-filter-item.vc_active&gt;span{\r\ncolor:#fff;\r\n}\r\n\r\n\r\n.vc_grid-filter.vc_grid-filter-color-white&gt;.vc_grid-filter-item.vc_active&gt;span:hover{\r\ncolor:#ffcc00;\r\n}\r\n.vc_grid-filter.vc_grid-filter-color-white&gt;.vc_grid-filter-item:hover{\r\nbackground:transparent;\r\ncolor:#ffcc00;\r\n}\r\n.widget-title-footer{\r\ncolor:#fff!important;\r\nfont-weight: 600;\r\nfont-size:15px;\r\n}\r\n@media only screen and (max-width: 992px){\r\n.home.page .top_bar_wrapper {\r\nbackground-color:#303030!important;\r\n}\r\n}\r\n\r\n.wpestate_estate_property_design_agent .agent_contanct_form{\r\n    padding-right: 0px;\r\n    padding-bottom: 0px;\r\n    margin-bottom: 0px;\r\n}\r\n\r\n#carousel-example-generic {\r\n    max-width: 840px;\r\n}\r\n\r\n.filter_menu li:hover,\r\n.form-control.open .filter_menu_trigger, .menu_user_tools {\r\n    color: #aaaaaa;\r\n}\r\n\r\n.adv-search-3 .filter_menu_trigger {\r\n    margin-top: 3px;\r\n}\r\n\r\n#access .with-megamenu .widget-title-sidebar {\r\n    padding-top: 0px;\r\n    text-transform: uppercase;\r\n    margin-top: -5px;\r\n}\r\n\r\n\r\n#google_map_prop_list_sidebar .adv-search-1 {\r\n    background-color: #f7f7f7!important;\r\n}\r\n\r\n.top_bar i {\r\n    margin-left: 13px;\r\n}\r\n\r\n.control_tax_sh {\r\n    background: #dedede;\r\n}\r\n\r\n\r\n","wp_estate_company_name":"company name","wp_estate_telephone_no":"800 800 8000","wp_estate_mobile_no":"800 800 8000","wp_estate_fax_ac":"800 800 8000","wp_estate_skype_ac":"skypeid","wp_estate_co_address":"Your Address Added Here","wp_estate_google_link":"","wp_estate_facebook_link":"#","wp_estate_twitter_link":"#","wp_estate_pinterest_link":"#","wp_estate_instagram_link":"","wp_estate_linkedin_link":"#","wp_estate_zillow_api_key":"","wp_estate_contact_form_7_agent":"","wp_estate_contact_form_7_contact":"","wp_estate_global_revolution_slider":"demo","wp_estate_general_font":"","wp_estate_headings_font_subset":"cyrillic","wp_estate_map_style":"[{\\\"featureType\\\":\\\"landscape.man_made\\\",\\\"elementType\\\":\\\"geometry\\\",\\\"stylers\\\":[{\\\"color\\\":\\\"#f7f1df\\\"}]},{\\\"featureType\\\":\\\"landscape.natural\\\",\\\"elementType\\\":\\\"geometry\\\",\\\"stylers\\\":[{\\\"color\\\":\\\"#d0e3b4\\\"}]},{\\\"featureType\\\":\\\"landscape.natural.terrain\\\",\\\"elementType\\\":\\\"geometry\\\",\\\"stylers\\\":[{\\\"visibility\\\":\\\"off\\\"}]},{\\\"featureType\\\":\\\"poi\\\",\\\"elementType\\\":\\\"labels\\\",\\\"stylers\\\":[{\\\"visibility\\\":\\\"off\\\"}]},{\\\"featureType\\\":\\\"poi.business\\\",\\\"elementType\\\":\\\"all\\\",\\\"stylers\\\":[{\\\"visibility\\\":\\\"off\\\"}]},{\\\"featureType\\\":\\\"poi.medical\\\",\\\"elementType\\\":\\\"geometry\\\",\\\"stylers\\\":[{\\\"color\\\":\\\"#fbd3da\\\"}]},{\\\"featureType\\\":\\\"poi.park\\\",\\\"elementType\\\":\\\"geometry\\\",\\\"stylers\\\":[{\\\"color\\\":\\\"#bde6ab\\\"}]},{\\\"featureType\\\":\\\"road\\\",\\\"elementType\\\":\\\"geometry.stroke\\\",\\\"stylers\\\":[{\\\"visibility\\\":\\\"off\\\"}]},{\\\"featureType\\\":\\\"road\\\",\\\"elementType\\\":\\\"labels\\\",\\\"stylers\\\":[{\\\"visibility\\\":\\\"off\\\"}]},{\\\"featureType\\\":\\\"road.highway\\\",\\\"elementType\\\":\\\"geometry.fill\\\",\\\"stylers\\\":[{\\\"color\\\":\\\"#ffe15f\\\"}]},{\\\"featureType\\\":\\\"road.highway\\\",\\\"elementType\\\":\\\"geometry.stroke\\\",\\\"stylers\\\":[{\\\"color\\\":\\\"#efd151\\\"}]},{\\\"featureType\\\":\\\"road.arterial\\\",\\\"elementType\\\":\\\"geometry.fill\\\",\\\"stylers\\\":[{\\\"color\\\":\\\"#ffffff\\\"}]},{\\\"featureType\\\":\\\"road.local\\\",\\\"elementType\\\":\\\"geometry.fill\\\",\\\"stylers\\\":[{\\\"color\\\":\\\"black\\\"}]},{\\\"featureType\\\":\\\"transit.station.airport\\\",\\\"elementType\\\":\\\"geometry.fill\\\",\\\"stylers\\\":[{\\\"color\\\":\\\"#cfb2db\\\"}]},{\\\"featureType\\\":\\\"water\\\",\\\"elementType\\\":\\\"geometry\\\",\\\"stylers\\\":[{\\\"color\\\":\\\"#a2daf2\\\"}]}]","wp_estate_submission_curency_custom":"USD","wp_estate_adv_search_what":["cities","areas","property bathrooms","property bedrooms","property size","property size","property price"],"wp_estate_adv_search_how":["like","like","smaller","greater","greater","smaller","greater"],"wp_estate_adv_search_label":["","","Max Baths","Min Bedrooms","Min. Size","Max Size",""],"wp_estate_show_adv_search_slider":"no","wp_estate_advanced_exteded":["none","back_yard","front_yard","fenced_yard","sprinklers","doorman","private_space","storage","recreation"],"wp_estate_new_status":"type here the new status... ","wp_estate_theme_slider":["132","72",132,72,72],"wp_estate_no_id":"","wp_estate_footer_background":{"url":""},"wp_estate_favicon_image":{"url":""},"wp_estate_logo_image":{"url":"https:\/\/losangeles.wpresidence.net\/wp-content\/uploads\/2018\/06\/logo2018-v1-la.png"},"wp_estate_stikcy_logo_image":{"url":"https:\/\/losangeles.wpresidence.net\/wp-content\/uploads\/2016\/08\/logo_la_sticky-1.png"},"wp_estate_transparent_logo_image":{"url":"https:\/\/losangeles.wpresidence.net\/wp-content\/uploads\/2018\/06\/logo2018-v1-la.png"},"wp_estate_mobile_logo_image":{"url":""},"wp_estate_splash_image":{"url":""},"wp_estate_splash_video_mp4":{"url":""},"wp_estate_splash_video_webm":{"url":""},"wp_estate_splash_video_ogv":{"url":""},"wp_estate_splash_video_cover_img":{"url":""},"wp_estate_splash_overlay_image":{"url":""},"wp_estate_company_contact_image":{"url":""},"wp_estate_wp_estate_adv_back_color":"","wp_estate_adv_font_color":"#777777","wp_estate_splash_overlay_color":"","wp_estate_content_area_back_color":"","wp_estate_main_color":"#ffcc00","wp_estate_second_color":"","wp_estate_background_color":"#f7f7f7","wp_estate_content_back_color":"#f7f7f7","wp_estate_header_color":"","wp_estate_breadcrumbs_font_color":"","wp_estate_font_color":"#777777","wp_estate_menu_items_color":"#222222","wp_estate_link_color":"#303030","wp_estate_headings_color":"","wp_estate_sidebar_heading_boxed_color":"#ffffff","wp_estate_sidebar_widget_color":"#fff","wp_estate_footer_back_color":"#222222","wp_estate_footer_font_color":"#777777","wp_estate_footer_copy_color":"#777777","wp_estate_footer_copy_back_color":"#202020","wp_estate_menu_font_color":"#222222","wp_estate_menu_hover_back_color":"#f7f7f7","wp_estate_menu_hover_font_color":"#e0c309","wp_estate_menu_border_color":"","wp_estate_adv_search_back_color":"#3D3D3D","wp_estate_adv_search_font_color":"#777777","wp_estate_box_content_back_color":"","wp_estate_box_content_border_color":"","wp_estate_hover_button_color":"#303030","wp_estate_sidebar_boxed_font_color":"","wp_estate_sidebar_heading_background_color":"#f9ca33","wp_estate_map_controls_font_color":"#777777","wp_estate_border_bottom_header_sticky_color":"","wp_estate_border_bottom_header_color":"","wp_estate_transparent_menu_hover_font_color":"#e0c309","wp_estate_transparent_menu_font_color":"#ffffff","top_menu_hover_back_font_color":"","wp_estate_top_menu_hover_font_color":"#e0c309","wp_estate_menu_item_back_color":"#f7f7f7","wp_estate_sticky_menu_font_color":"#222222","wp_estate_active_menu_font_color":"","wp_estate_top_menu_hover_back_font_color":"","wp_estate_mobile_header_background_color":"","wp_estate_mobile_header_icon_color":"","wp_estate_mobile_menu_font_color":"","wp_estate_mobile_menu_hover_font_color":"","wp_estate_mobile_item_hover_back_color":"","wp_estate_mobile_menu_backgound_color":"","wp_estate_mobile_menu_border_color":"","wp_estate_property_unit_color":"#ffffff","wp_estate_widget_sidebar_border_color":"","wp_estate_unit_border_color":"","wp_estate_user_dashboard_menu_color":"","wp_estate_user_dashboard_menu_hover_color":"","wp_estate_user_dashboard_menu_color_hover":"","wp_estate_user_dashboard_menu_back":"","wp_estate_user_dashboard_package_back":"","wp_estate_user_dashboard_package_color":"","wp_estate_user_dashboard_buy_package":"","wp_estate_user_dashboard_package_select":"","wp_estate_user_dashboard_content_back":"","wp_estate_user_dashboard_content_button_back":"","wp_estate_user_dashboard_content_color":"","wp_estate_direct_payment_details":"","wpestate_set_search":{"adv_search_what":["cities","areas","property bathrooms","property bedrooms","property size","property size","property price"],"adv_search_how":["like","like","smaller","greater","greater","smaller","greater"],"adv_search_label":["","","Max Baths","Min Bedrooms","Min. Size","Max Size",""],"search_field_label":""},"redux-backup":"1"}