{"last_tab":"1","wp_estate_general_country":"United States","wp_estate_measure_sys":"ft","wp_estate_date_lang":"en-GB","wp_estate_google_analytics_code":"","wp_estate_visible_user_role_dropdown":"yes","wp_estate_visible_user_role":["User","Single Agent","Agency","Developer"],"wp_estate_admin_submission_user_role":["Agent","Agency","Developer"],"wp_estate_admin_approves_reviews":"yes","wp_estate_enable_user_pass":"yes","wp_estate_wide_status":"1","wp_estate_prop_no":"6","wp_estate_prop_list_slider":"1","wp_estate_property_list_type":"1","wp_estate_property_list_type_adv":"2","wp_estate_prop_unit":"grid","wp_estate_agent_sidebar":"no sidebar","wp_estate_agent_sidebar_name":"primary-widget-area","wp_estate_blog_sidebar":"right","wp_estate_blog_sidebar_name":"secondary-widget-area","wp_estate_blog_unit":"grid","wp_estate_favicon_image":{"url":"","id":"","height":"","width":"","thumbnail":""},"wp_estate_logo_image":{"url":"https:\/\/chicago.wpresidence.net\/wp-content\/uploads\/2017\/08\/logo_chicago.png","id":"","height":"","width":"","thumbnail":""},"wp_estate_stikcy_logo_image":{"url":"","id":"","height":"","width":"","thumbnail":""},"wp_estate_transparent_logo_image":{"url":"","id":"","height":"","width":"","thumbnail":""},"wp_estate_logo_margin":"","wp_estate_mobile_logo_image":{"url":"","id":"","height":"","width":"","thumbnail":""},"wp_estate_show_top_bar_user_menu":"no","wp_estate_show_top_bar_user_menu_mobile":"yes","wp_estate_show_top_bar_user_login":"yes","wp_estate_show_submit":"yes","wp_estate_header_transparent":"no","wp_estate_logo_header_type":"type1","wp_estate_logo_header_align":"center","wp_estate_text_header_align":"left","wp_estate_wide_header":"no","wp_estate_header_type":"4","wp_estate_global_revolution_slider":"","wp_estate_global_header":{"url":"","id":"","height":"","width":"","thumbnail":""},"wp_estate_paralax_header":"no","wp_estate_header5_info_widget1_icon":"","wp_estate_header5_info_widget1_text1":"","wp_estate_header5_info_widget1_text2":"","wp_estate_header5_info_widget2_icon":"","wp_estate_header5_info_widget2_text1":"","wp_estate_header5_info_widget2_text2":"","wp_estate_header5_info_widget3_icon":"","wp_estate_header5_info_widget3_text1":"","wp_estate_header5_info_widget3_text2":"","wp_estate_show_footer":"yes","wp_estate_show_footer_copy":"yes","wp_estate_copyright_message":"Copyright 2017 | WP Estate. All Rights Reserved.","wp_estate_show_sticky_footer":"yes","wp_estate_footer_background":{"url":"","id":"","height":"","width":"","thumbnail":""},"wp_estate_repeat_footer_back":"no repeat","wp_estate_wide_footer":"no","wp_estate_footer_type":"1","wp_estate_prices_th_separator":",","wp_estate_currency_symbol":"$","wp_estate_currency_label_main":"USD","wp_estate_where_currency_symbol":"before","wp_estate_auto_curency":"no","wp_estate_currencyconverterapi_api":"","wpestate_currency":{"add_curr_name":["EUR","EGB","CAD"],"add_curr_label":["EUR","EGB","CAD"],"add_curr_value":["0.8699","2.3","1.3195"],"add_curr_order":["after","after","before"]},"wpestate_custom_fields_list":{"add_field_name":["MLS ","property year","property garage","property garage size","property date","property basement","property external construction","Exterior Material","property roofing","Structure Type","stories number"],"add_field_label":["Custom ID","Year Built","Garages","Garage Size","Available from","Basement","External Construction","Exterior Material","Roofing","Structure Type","Floors No"],"add_field_order":["1","2","2","3","4","5","6","7","7","8","9"],"add_field_type":["short text","numeric","short text","short text","date","short text","short text","short text","short text","dropdown","dropdown"],"add_dropdown_order":["","","","","","","","","","Brick, Wood, Cement","1, 2, 3, 4, 5, 6"]},"wp_estate_feature_list":"attic,\r\ngas heat,\r\nocean view,\r\nwine cellar,\r\nbasketball court,\r\ngym,pound,\r\nfireplace,\r\nlake view,\r\npool,\r\nback yard,\r\nfront yard,\r\nfenced yard,\r\nsprinklers,\r\nwasher and dryer,\r\ndeck,\r\nbalcony,\r\nlaundry,\r\nconcierge,\r\ndoorman,\r\nprivate space,\r\nstorage,\r\nrecreation,\r\nRoof Deck","wp_estate_show_no_features":"no","wp_estate_property_multi_text":"","wp_estate_property_multi_child_text":"","wp_estate_property_adr_text":"Address","wp_estate_property_features_text":"Features","wp_estate_property_description_text":"Description","wp_estate_property_details_text":"Details ","wp_estate_status_list":"open house,\r\nsold,\r\nnew offer,\r\nhot offer","wp_estate_theme_slider":["160","154","132","72","59"],"wp_estate_slider_cycle":"5000","wp_estate_theme_slider_type":"type2","wp_estate_theme_slider_height":"600","wp_estate_url_rewrites":["","","","","","","","","","","","","","","","","","","","","","","",""],"wp_estate_spash_header_type":"image","wp_estate_splash_slider_gallery":"","wp_estate_splash_slider_transition":"","wp_estate_splash_image":{"url":"https:\/\/chicago.wpresidence.net\/wp-content\/uploads\/2017\/08\/beach-holiday-ocean-3709-e1507122971269.jpg","id":"","height":"","width":"","thumbnail":""},"wp_estate_splash_video_mp4":{"url":"","id":"","height":"","width":"","thumbnail":""},"wp_estate_splash_video_webm":{"url":"","id":"","height":"","width":"","thumbnail":""},"wp_estate_splash_video_ogv":{"url":"","id":"","height":"","width":"","thumbnail":""},"wp_estate_splash_video_cover_img":{"url":"","id":"","height":"","width":"","thumbnail":""},"wp_estate_splash_overlay_image":{"url":"","id":"","height":"","width":"","thumbnail":""},"wp_estate_splash_overlay_color":"#291e1e","wp_estate_splash_overlay_opacity":"0.5","wp_estate_splash_page_title":"Find the perfect property to buy","wp_estate_splash_page_subtitle":"we have the best properties","wp_estate_splash_page_logo_link":"","wp_estate_company_contact_image":{"url":"","id":"","height":"","width":"","thumbnail":""},"wp_estate_company_name":"WPRESIDENCE","wp_estate_email_adr":"","wp_estate_duplicate_email_adr":"","wp_estate_telephone_no":"(305) 555-4446","wp_estate_mobile_no":"(305) 555-4555","wp_estate_fax_ac":"","wp_estate_skype_ac":"wpestatetheme","wp_estate_co_address":"Business Park Theale C1, Center Berkshire RS1 5A1, England","wp_estate_hq_latitude":"40.781711","wp_estate_hq_longitude":"-73.955927","wp_estate_facebook_link":"https:\/\/www.facebook.com\/wpestate","wp_estate_twitter_link":"https:\/\/twitter.com\/WPESTATE","wp_estate_google_link":"","wp_estate_linkedin_link":"#","wp_estate_pinterest_link":"#","wp_estate_instagram_link":"#","wp_estate_zillow_api_key":"","wp_estate_facebook_login":"no","wp_estate_facebook_api":"","wp_estate_facebook_secret":"","wp_estate_google_login":"yes","wp_estate_google_oauth_api":"","wp_estate_google_oauth_client_secret":"","wp_estate_google_api_key":"","wp_estate_yahoo_login":"no","wp_estate_use_gdpr":"no","wp_estate_contact_form_7_agent":"","wp_estate_contact_form_7_contact":"","wp_estate_twitter_consumer_key":"","wp_estate_twitter_consumer_secret":"","wp_estate_twitter_access_token":"","wp_estate_twitter_access_secret":"","wp_estate_twitter_cache_time":"","wp_estate_kind_of_map":"1","wp_estate_readsys":"no","wp_estate_map_max_pins":"100","wp_estate_api_key":"","wp_estate_mapbox_api_key":"","wp_estate_general_latitude":"41.883511","wp_estate_general_longitude":"-87.688057","wp_estate_default_map_zoom":"12","wp_estate_default_map_type":"ROADMAP","wp_estate_cache":"no","wp_estate_pin_cluster":"no","wp_estate_zoom_cluster":"11","wp_estate_idx_enable":"no","wp_estate_geolocation_radius":"5000","wp_estate_min_height":"450","wp_estate_max_height":"500","wp_estate_keep_min":"yes","wp_estate_keep_max":"no","wp_estate_show_g_search":"no","wp_estate_map_style":"[\r\n    {\r\n        \\\"featureType\\\": \\\"administrative\\\",\r\n        \\\"elementType\\\": \\\"all\\\",\r\n        \\\"stylers\\\": [\r\n            {\r\n                \\\"visibility\\\": \\\"on\\\"\r\n            },\r\n            {\r\n                \\\"saturation\\\": -100\r\n            },\r\n            {\r\n                \\\"lightness\\\": 20\r\n            }\r\n        ]\r\n    },\r\n    {\r\n        \\\"featureType\\\": \\\"road\\\",\r\n        \\\"elementType\\\": \\\"all\\\",\r\n        \\\"stylers\\\": [\r\n            {\r\n                \\\"visibility\\\": \\\"on\\\"\r\n            },\r\n            {\r\n                \\\"saturation\\\": -100\r\n            },\r\n            {\r\n                \\\"lightness\\\": 40\r\n            }\r\n        ]\r\n    },\r\n    {\r\n        \\\"featureType\\\": \\\"water\\\",\r\n        \\\"elementType\\\": \\\"all\\\",\r\n        \\\"stylers\\\": [\r\n            {\r\n                \\\"visibility\\\": \\\"on\\\"\r\n            },\r\n            {\r\n                \\\"saturation\\\": -10\r\n            },\r\n            {\r\n                \\\"lightness\\\": 30\r\n            }\r\n        ]\r\n    },\r\n    {\r\n        \\\"featureType\\\": \\\"landscape.man_made\\\",\r\n        \\\"elementType\\\": \\\"all\\\",\r\n        \\\"stylers\\\": [\r\n            {\r\n                \\\"visibility\\\": \\\"simplified\\\"\r\n            },\r\n            {\r\n                \\\"saturation\\\": -60\r\n            },\r\n            {\r\n                \\\"lightness\\\": 10\r\n            }\r\n        ]\r\n    },\r\n    {\r\n        \\\"featureType\\\": \\\"landscape.natural\\\",\r\n        \\\"elementType\\\": \\\"all\\\",\r\n        \\\"stylers\\\": [\r\n            {\r\n                \\\"visibility\\\": \\\"simplified\\\"\r\n            },\r\n            {\r\n                \\\"saturation\\\": -60\r\n            },\r\n            {\r\n                \\\"lightness\\\": 60\r\n            }\r\n        ]\r\n    },\r\n    {\r\n        \\\"featureType\\\": \\\"poi\\\",\r\n        \\\"elementType\\\": \\\"all\\\",\r\n        \\\"stylers\\\": [\r\n            {\r\n                \\\"visibility\\\": \\\"off\\\"\r\n            },\r\n            {\r\n                \\\"saturation\\\": -100\r\n            },\r\n            {\r\n                \\\"lightness\\\": 60\r\n            }\r\n        ]\r\n    },\r\n    {\r\n        \\\"featureType\\\": \\\"transit\\\",\r\n        \\\"elementType\\\": \\\"all\\\",\r\n        \\\"stylers\\\": [\r\n            {\r\n                \\\"visibility\\\": \\\"off\\\"\r\n            },\r\n            {\r\n                \\\"saturation\\\": -100\r\n            },\r\n            {\r\n                \\\"lightness\\\": 60\r\n            }\r\n        ]\r\n    }\r\n]\r\n","wp_estate_use_price_pins":"yes","wp_estate_use_price_pins_full_price":"no","wp_estate_use_single_image_pin":"no","wp_estate_rentals":{"url":"","id":"","height":"","width":"","thumbnail":""},"wp_estate_sales":{"url":"","id":"","height":"","width":"","thumbnail":""},"wp_estate_apartments":{"url":"","id":"","height":"","width":"","thumbnail":""},"wp_estate_condos":{"url":"","id":"","height":"","width":"","thumbnail":""},"wp_estate_duplexes":{"url":"","id":"","height":"","width":"","thumbnail":""},"wp_estate_houses":{"url":"","id":"","height":"","width":"","thumbnail":""},"wp_estate_industrial":{"url":"","id":"","height":"","width":"","thumbnail":""},"wp_estate_land":{"url":"","id":"","height":"","width":"","thumbnail":""},"wp_estate_offices":{"url":"","id":"","height":"","width":"","thumbnail":""},"wp_estate_retail":{"url":"","id":"","height":"","width":"","thumbnail":""},"wp_estate_villas":{"url":"","id":"","height":"","width":"","thumbnail":""},"wp_estate_apartmentsrentals":{"url":"","id":"","height":"","width":"","thumbnail":""},"wp_estate_condosrentals":{"url":"","id":"","height":"","width":"","thumbnail":""},"wp_estate_duplexesrentals":{"url":"","id":"","height":"","width":"","thumbnail":""},"wp_estate_housesrentals":{"url":"","id":"","height":"","width":"","thumbnail":""},"wp_estate_industrialrentals":{"url":"","id":"","height":"","width":"","thumbnail":""},"wp_estate_landrentals":{"url":"","id":"","height":"","width":"","thumbnail":""},"wp_estate_officesrentals":{"url":"","id":"","height":"","width":"","thumbnail":""},"wp_estate_retailrentals":{"url":"","id":"","height":"","width":"","thumbnail":""},"wp_estate_villasrentals":{"url":"","id":"","height":"","width":"","thumbnail":""},"wp_estate_apartmentssales":{"url":"","id":"","height":"","width":"","thumbnail":""},"wp_estate_condossales":{"url":"","id":"","height":"","width":"","thumbnail":""},"wp_estate_duplexessales":{"url":"","id":"","height":"","width":"","thumbnail":""},"wp_estate_housessales":{"url":"","id":"","height":"","width":"","thumbnail":""},"wp_estate_industrialsales":{"url":"","id":"","height":"","width":"","thumbnail":""},"wp_estate_landsales":{"url":"","id":"","height":"","width":"","thumbnail":""},"wp_estate_officessales":{"url":"","id":"","height":"","width":"","thumbnail":""},"wp_estate_retailsales":{"url":"","id":"","height":"","width":"","thumbnail":""},"wp_estate_villassales":{"url":"","id":"","height":"","width":"","thumbnail":""},"wp_estate_userpin":{"url":"","id":"","height":"","width":"","thumbnail":""},"wp_estate_idxpin":{"url":"","id":"","height":"","width":"","thumbnail":""},"wp_estate_main_grid_content_width":"","wp_estate_main_content_width":"","wp_estate_contentarea_internal_padding_top":"","wp_estate_contentarea_internal_padding_left":"","wp_estate_contentarea_internal_padding_bottom":"","wp_estate_contentarea_internal_padding_right":"","wp_estate_content_area_back_color":"","wp_estate_show_breadcrumbs":"no","wp_estate_border_radius_corner":"","wp_estate_cssbox_shadow":"","wp_estate_property_sidebar":"no sidebar","wp_estate_property_sidebar_name":"primary-widget-area","wp_estate_global_property_page_agent_sidebar":"no","wp_estate_global_prpg_slider_type":"horizontal","wp_estate_global_prpg_content_type":"accordion","wp_estate_walkscore_api":"","wp_estate_show_graph_prop_page":"yes","wp_estate_show_reviews_prop":"yes","wp_estate_enable_direct_mess":"yes","wp_estate_show_lightbox_contact":"yes","wp_estate_crop_images_lightbox":"yes","wp_estate_print_show_subunits":"yes","wp_estate_print_show_agent":"yes","wp_estate_print_show_description":"yes","wp_estate_print_show_adress":"yes","wp_estate_print_show_details":"yes","wp_estate_print_show_features":"yes","wp_estate_print_show_floor_plans":"yes","wp_estate_print_show_images":"yes","wp_estate_main_color":"#ff2b58","wp_estate_second_color":"#459daf","wp_estate_background_color":"","wp_estate_content_back_color":"","wp_estate_breadcrumbs_font_color":"#99a9b5","wp_estate_font_color":"","wp_estate_link_color":"#ff2b58","wp_estate_headings_color":"#444444","wp_estate_footer_back_color":"#f2f2f2","wp_estate_footer_font_color":"#99a9b5","wp_estate_footer_copy_color":"#99a9b5","wp_estate_footer_copy_back_color":"#dddddd","wp_estate_box_content_back_color":"","wp_estate_box_content_border_color":"","wp_estate_hover_button_color":"#E5274F","wp_estate_map_controls_back":"#ffffff","wp_estate_map_controls_font_color":"#99a9b5","wp_estate_header_height":"","wp_estate_sticky_header_height":"","wp_estate_top_menu_font_size":"","wp_estate_menu_item_font_size":"","wp_estate_border_bottom_header":"","wp_estate_sticky_border_bottom_header":"","wp_estate_border_bottom_header_color":"","wp_estate_border_bottom_header_sticky_color":"","wp_estate_top_bar_back":"","wp_estate_top_bar_font":"","wp_estate_header_color":"#ffffff","wp_estate_sticky_menu_font_color":"","wp_estate_menu_font_color":"#ff2b58","wp_estate_top_menu_hover_font_color":"#E5274F","wp_estate_active_menu_font_color":"","wp_estate_top_menu_hover_back_font_color":"#ff2b58","opt-info_hover_type":{"url":"http:\/\/rentals1.wpestate.info\/wp-content\/plugins\/wpresidence-core\/img\/menu_types.png","id":"","height":"","width":"","thumbnail":""},"wp_estate_top_menu_hover_type":"2","wp_estate_transparent_menu_font_color":"","wp_estate_transparent_menu_hover_font_color":"#ff2b58","wp_estate_menu_items_color":"#ffffff","wp_estate_menu_hover_font_color":"#ffffff","wp_estate_menu_item_back_color":"#ff2b58","wp_estate_menu_hover_back_color":"#E5274F","wp_estate_menu_border_color":"#E5274F","wp_estate_mobile_header_background_color":"","wp_estate_mobile_header_icon_color":"","wp_estate_mobile_menu_font_color":"","wp_estate_mobile_menu_hover_font_color":"","wp_estate_mobile_item_hover_back_color":"","wp_estate_mobile_menu_backgound_color":"","wp_estate_mobile_menu_border_color":"","wp_estate_unit_card_type":"0","wp_estate_listings_per_row":"3","wp_estate_agent_listings_per_row":"3","wp_estate_blog_listings_per_row":"3","wp_estate_prop_unit_min_height":"","wp_estate_agent_unit_min_height":"","wp_estate_blog_unit_min_height":"","wp_estate_propertyunit_internal_padding_top":"","wp_estate_propertyunit_internal_padding_left":"","wp_estate_propertyunit_internal_padding_bottom":"","wp_estate_propertyunit_internal_padding_right":"","wp_estate_property_unit_color":"","wp_estate_unit_border_size":"","wp_estate_unit_border_color":"","wp_estate_sidebarwidget_internal_padding_top":"","wp_estate_sidebarwidget_internal_padding_left":"","wp_estate_sidebarwidget_internal_padding_bottom":"","wp_estate_sidebarwidget_internal_padding_right":"","wp_estate_sidebar_widget_color":"#ffffff","wp_estate_sidebar_heading_boxed_color":"#ffffff","wp_estate_sidebar_heading_background_color":"#ff2b58","wp_estate_sidebar_boxed_font_color":"#8593a9","wp_estate_widget_sidebar_border_size":"","wp_estate_widget_sidebar_border_color":"#f2f2f2","wp_estate_show_header_dashboard":"yes","wp_estate_user_dashboard_menu_color":"","wp_estate_user_dashboard_menu_hover_color":"","wp_estate_user_dashboard_menu_color_hover":"#ff2b58","wp_estate_user_dashboard_menu_back":"","wp_estate_user_dashboard_package_back":"","wp_estate_user_dashboard_package_color":"","wp_estate_user_dashboard_buy_package":"#ff2b58","wp_estate_user_dashboard_package_select":"","wp_estate_user_dashboard_content_back":"","wp_estate_user_dashboard_content_button_back":"","wp_estate_user_dashboard_content_color":"","h1_typo":{"font-family":"","font-options":"","google":"1","font-weight":"","font-style":"","subsets":"","font-size":"","line-height":""},"h2_typo":{"font-family":"","font-options":"","google":"1","font-weight":"","font-style":"","subsets":"","font-size":"","line-height":""},"h3_typo":{"font-family":"","font-options":"","google":"1","font-weight":"","font-style":"","subsets":"","font-size":"","line-height":""},"h4_typo":{"font-family":"","font-options":"","google":"1","font-weight":"","font-style":"","subsets":"","font-size":"","line-height":""},"h5_typo":{"font-family":"","font-options":"","google":"1","font-weight":"","font-style":"","subsets":"","font-size":"","line-height":""},"h6_typo":{"font-family":"","font-options":"","google":"1","font-weight":"","font-style":"","subsets":"","font-size":"","line-height":""},"paragraph_typo":{"font-family":"","font-options":"","google":"1","font-weight":"","font-style":"","subsets":"","font-size":"","line-height":""},"menu_typo":{"font-family":"","font-options":"","google":"1","font-weight":"","font-style":"","subsets":"","font-size":"","line-height":""},"wp_estate_custom_css":"\/*newsletter css*\/\r\n\r\n.newsletter_form {\r\n    width: 80%;\r\n    height: 50px;\r\n}\r\n.newsletter_input {\r\n   height: 50px;\r\n    background-color: #d0ae5e;\r\n    width: 20%;\r\n    border-color: transparent;\r\n    color: #fff;\r\n    font-weight: 500;\r\n    padding: 0px;\r\n    font-size: 15px;\r\n}\r\n\r\n.newsletter input{\r\nbox-shadow: 0 4px 16px -2px rgba(0,0,0,.1), 0 0 0 1px rgba(0,0,0,.02)!important;\r\n}\r\n\r\ninput.newsletter_form {\r\n    padding-left: 20px;\r\n}\r\n\r\n.newsletter_form:placeholder-shown {\r\n    padding-left: 20px;\r\n}\r\n\r\n.newsletter{\r\nmargin: 0px auto;\r\nleft: 0px; \r\nright: 0px; \r\ntext-align: center;\r\n}\r\n\r\n@media only screen and (max-width: 500px){ \r\n.newsletter_form {\r\n    width: 70%;\r\n}\r\n.newsletter_input {\r\n    width: 30%;\r\n}\r\n}\r\n\r\n\/*end newsletter css*\/\r\n\r\n\r\n.widget-title-footer{\r\n    color:#444!important;\r\n    font-weight:600;\r\n}\r\n\r\n.adv_search_tab_item {\r\n    border: 1px solid #009caf;\r\n    background: #009caf;\r\n}\r\n\r\n.adv_search_slider label,\r\n.extended_search_checker label {\r\n    color: #99a9b5;\r\n}\r\n\r\n.header_type1.header_center #access {\r\n    text-transform: uppercase;\r\n}\r\n\r\n.unit_details_x a, .unit_details_x {\r\n    background-color: #ff2b58;\r\n}\r\n.adv_search_tab_item a:last-of-type:hover {\r\n    color: white;\r\n}\r\n\r\n#colophon #media_image-3{\r\nmargin-bottom:15px;\r\n}\r\n\r\n\r\n\r\n\/*map pins colors*\/\r\n\r\n.action_tag_wrapper.Rentals {\r\nbackground-color: #0D84B2;\r\n}\r\n\r\n.action_tag_wrapper.Sales {\r\nbackground-color: #E5274F;\r\n}\r\n\r\n.wpestate_marker.sales {\r\n    background-color: #009caf;\r\n    color:white;\r\n}\r\n\r\n.wpestate_marker.sales:before {\r\n    border-top: 6px solid #009caf;\r\n}\r\n\r\n.wpestate_marker.rentals {\r\n    background-color: #ff2b58;\r\n    color:white;\r\n}\r\n\r\n.wpestate_marker.rentals:before {\r\n    border-top: 6px solid #ff2b58;\r\n}\r\n\r\n\r\n.unit_details_x:hover {\r\n    color: #fff;\r\n}\r\n\r\n\r\n\/*featured status on property unit*\/\r\n\r\n.featured_div{\r\n    color:white;\r\n}","wpestate_uset_unit":"0","wp_estate_subject_new_user":"Your username and password on %website_url","wp_estate_new_user":"Hi there,\r\n\r\nWelcome to %website_url! You can login now using the below credentials:\r\n\r\nUsername:%user_login_register\r\nPassword: %user_pass_register\r\n\r\nIf you have any problems, please contact me at annapx0909@gmail.com.\r\n\r\nThank you!\r\nSupport Team","wp_estate_subject_admin_new_user":"New User Registration","wp_estate_admin_new_user":"New user registration on %website_url.\r\nUsername: %user_login_register,\r\nE-mail: %user_email_register","wp_estate_subject_password_reset_request":"Password Reset Request","wp_estate_password_reset_request":"Hello,\r\n\r\nSomeone requested that the password be reset for the following account:\r\n\r\n%website_url\r\nUsername: %username.\r\n\r\nIf this was a mistake, just ignore this email and nothing will happen. To reset your password, visit the following address:%reset_link,\r\n\r\nThank You!\r\nSupport Team","wp_estate_subject_password_reseted":"Your Password was Reset","wp_estate_password_reseted":"Hello,\r\n\r\nYour new password for the account at: %website_url:\r\n\r\nUsername:%username,\r\nPassword:%user_pass.\r\n\r\nYou can now login with your new password at: %website_url\r\n\r\nThank you,\r\nSupport team","wp_estate_subject_purchase_activated":"Your purchase was activated","wp_estate_purchase_activated":"Hi there,\r\n\r\nYour purchase on %website_url is activated! You should go check it out.\r\n\r\nThank you,\r\nSupport Team","wp_estate_subject_approved_listing":"Your listing was approved","wp_estate_approved_listing":"Hi there,\r\n\r\nYour listing, %property_title was approved on %website_url!\r\n\r\nThe listing is: %property_url.\r\n\r\nYou should go check it out.\r\n\r\nThank you,\r\nSupport team","wp_estate_subject_new_wire_transfer":"You ordered a new Wire Transfer","wp_estate_new_wire_transfer":"Hello,\r\n\r\nWe received your Wire Transfer payment request on %website_url !\r\n\r\nPlease follow the instructions below in order to start submitting properties as soon as possible.\r\n\r\nThe invoice number is: %invoice_no, Amount: %total_price.\r\nInstructions: %payment_details.","wp_estate_subject_admin_new_wire_transfer":"Somebody ordered a new Wire Transfer","wp_estate_admin_new_wire_transfer":"Hi there,\r\n\r\nYou received a new Wire Transfer payment request on %website_url.\r\n\r\nThe invoice number is: %invoice_no, Amount: %total_price.\r\n\r\nPlease wait until the payment is made to activate the user purchase.","wp_estate_subject_admin_expired_listing":"Expired Listing sent for approval on %website_url","wp_estate_admin_expired_listing":"Hi there,\r\n\r\nA user has re-submitted a new property on %website_url! You should go check it out.\r\n\r\nThis is the property title: %submission_title.","wp_estate_subject_matching_submissions":"Matching Submissions on %website_url","wp_estate_matching_submissions":"Hi there,\r\nA new submission matching your chosen criteria has been published at %website_url.\r\nThese are the new submissions:\r\n%matching_submissions\r\nIf you do not wish to be notified anymore please enter your account and delete the saved search.Thank you!","wp_estate_subject_paid_submissions":"New Paid Submission on %website_url","wp_estate_paid_submissions":"Hi there,\r\n\r\nYou have a new paid submission on %website_url! You should go check it out.","wp_estate_subject_featured_submission":"New Feature Upgrade on  %website_url","wp_estate_featured_submission":"Hi there,\r\n\r\nYou have a new featured submission on %website_url! You should go check it out.","wp_estate_subject_account_downgraded":"Account Downgraded on %website_url","wp_estate_account_downgraded":"Hi there,\r\n\r\nYou downgraded your subscription on %website_url.\r\n\r\nBecause your listings number was greater than what the actual package offers, we set the status of all your listings to \\\"expired\\\".\r\n\r\nYou will need to choose which listings you want live and send them again for approval.\r\n\r\nThank you!\r\nSupport team","wp_estate_subject_membership_cancelled":"Membership Cancelled on %website_url","wp_estate_membership_cancelled":"Hi there,\r\n\r\nYour subscription on %website_url was cancelled because it expired or the recurring payment from the merchant was not processed.\r\n\r\nAll your listings are no longer visible for our visitors but remain in your account.\r\n\r\nThank you.\r\nSupport Team","wp_estate_subject_downgrade_warning":"Membership Expiration Warning on %website_url","wp_estate_downgrade_warning":"Hi there,\r\nYour subscription on %website_url will expire in 3 days.Please make sure you renew your subscription or you have enough funds for an auto renew.","wp_estate_subject_free_listing_expired":"Free Listing expired on %website_url","wp_estate_free_listing_expired":"Hi there,\r\n\r\nOne of your free listings on %website_url has \\\"expired\\\".\r\n\r\nThe listing is %expired_listing_url.\r\n\r\nThank you!\r\nSupport team","wp_estate_subject_new_listing_submission":"New Listing Submission on %website_url","wp_estate_new_listing_submission":"Hi there,\r\n\r\nA user has submited a new property on %website_url!\r\n\r\nYou should go check it out.\r\n\r\nThis is the property title %new_listing_title!\r\n\r\nThank you,\r\nSupport team","wp_estate_subject_listing_edit":"Listing Edited on %website_url","wp_estate_listing_edit":"Hi there,\r\n\r\nA user has edited one of his listings on %website_url !\r\n\r\nYou should go check it out. The property name is : %editing_listing_title!\r\n\r\nThank you\r\nSupport team","wp_estate_subject_recurring_payment":"Recurring Payment on %website_url","wp_estate_recurring_payment":"Hi there,\r\nWe charged your account on %merchant for a subscription on %website_url ! You should go check it out.","wp_estate_subject_membership_activated":"Membership Activated on %website_url","wp_estate_membership_activated":"Hi there,\r\n\r\nYour new membership on %website_url is activated! You should go check it out.\r\n\r\nThank you,\r\nSupport team","wp_estate_subject_agent_update_profile":"Profile Update","wp_estate_agent_update_profile":"A user updated his profile on %website_url.\r\nUsername: %user_profile","wp_estate_disable_theme_cache":"no","wp_estate_use_mimify":"no","wp_estate_remove_script_version":"no","info_warning_enable_browser":"<IfModule mod_deflate.c>\n    # Insert filters\n    AddOutputFilterByType DEFLATE text\/plain\n    AddOutputFilterByType DEFLATE text\/html\n    AddOutputFilterByType DEFLATE text\/xml\n    AddOutputFilterByType DEFLATE text\/css\n    AddOutputFilterByType DEFLATE application\/xml\n    AddOutputFilterByType DEFLATE application\/xhtml+xml\n    AddOutputFilterByType DEFLATE application\/rss+xml\n    AddOutputFilterByType DEFLATE application\/javascript\n    AddOutputFilterByType DEFLATE application\/x-javascript\n    AddOutputFilterByType DEFLATE application\/x-httpd-php\n    AddOutputFilterByType DEFLATE application\/x-httpd-fastphp\n    AddOutputFilterByType DEFLATE image\/svg+xml\n    # Drop problematic browsers\n    BrowserMatch ^Mozilla\/4 gzip-only-text\/html\n    BrowserMatch ^Mozilla\/4\\.0[678] no-gzip\n    BrowserMatch \\bMSI[E] !no-gzip !gzip-only-text\/html\n    # Make sure proxies dont deliver the wrong content\n    Header append Vary User-Agent env=!dont-vary\n    <\/IfModule>\n    ## EXPIRES CACHING ##\n    <IfModule mod_expires.c>\n    ExpiresActive On\n    ExpiresByType image\/jpg \"access 1 year\"\n    ExpiresByType image\/jpeg \"access 1 year\"\n    ExpiresByType image\/gif \"access 1 year\"\n    ExpiresByType image\/png \"access 1 year\"\n    ExpiresByType text\/css \"access 1 month\"\n    ExpiresByType text\/html \"access 1 month\"\n    ExpiresByType application\/pdf \"access 1 month\"\n    ExpiresByType text\/x-javascript \"access 1 month\"\n    ExpiresByType application\/x-shockwave-flash \"access 1 month\"\n    ExpiresByType image\/x-icon \"access 1 year\"\n    ExpiresDefault \"access 1 month\"\n    <\/IfModule>\n    ## EXPIRES CACHING ##","wp_estate_use_captcha":"no","wp_estate_recaptha_sitekey":"","wp_estate_recaptha_secretkey":"","wp_estate_yelp_client_id":"","wp_estate_yelp_client_api_key_2018":"","wp_estate_yelp_results_no":"","wp_estate_yelp_dist_measure":"miles","wp_estate_use_optima":"no","wp_estate_paid_submission":"membership","wp_estate_free_mem_list":"2","wp_estate_free_mem_list_unl":"","wp_estate_free_feat_list":"1","wp_estate_free_feat_list_expiration":"1","wp_estate_free_pack_image_included":"","wp_estate_price_submission":"","wp_estate_price_featured_submission":"","wp_estate_admin_submission":"yes","wp_estate_prop_image_number":"","wp_estate_paypal_api":"sandbox","wp_estate_submission_curency":"USD","wp_estate_enable_direct_pay":"yes","wp_estate_submission_curency_custom":"","wp_estate_direct_payment_details":"","wp_estate_enable_autocomplete":"yes","wp_estate_submission_page_fields":["wpestate_description","property_price","property_label","property_label_before","prop_category","prop_action_category","attachid","property_address","property_city","property_area","property_zip","property_county","property_country","property_map","property_latitude","property_longitude","google_camera_angle","property_google_view","property_size","property_lot_size","property_rooms","property_bedrooms","property_bathrooms","owner_notes","property_status","embed_video_id","embed_video_type","embed_virtual_tour","property_subunits_list","property_year","property_garage","property_garage_size","property_date","property_basement","property_external_construction","property_roofing","attic","gas_heat","ocean_view","wine_cellar","basketball_court","gym","pound","fireplace","lake_view","pool","back_yard","front_yard","fenced_yard","sprinklers","washer_and_dryer","deck","balcony","laundry","concierge","doorman","private_space","storage","recreation"],"wp_estate_enable_paypal":"yes","wp_estate_paypal_client_id":"","wp_estate_paypal_client_secret":"","wp_estate_paypal_rec_email":"","wp_estate_enable_stripe":"yes","wp_estate_stripe_secret_key":"","wp_estate_stripe_publishable_key":"","wp_estate_adv_search_type":"4","wp_estate_show_adv_search_general":"yes","wp_estate_show_empty_city":"no","wp_estate_show_adv_search_tax":"yes","wp_estate_show_adv_search_visible":"yes","wp_estate_show_adv_search_extended":"yes","wp_estate_advanced_exteded":["attic","gas_heat","gym","fireplace","back_yard","washer_and_dryer","balcony","storage"],"wp_estate_show_dropdowns":"yes","wp_estate_show_slider_price":"yes","wp_estate_show_slider_min_price":"0","wp_estate_show_slider_max_price":"1500000","wp_estate_custom_advanced_search":"yes","wp_estate_search_on_start":"no","wp_estate_sticky_search":"no","wp_estate_use_float_search_form":"no","wp_estate_float_form_top":"68%","wp_estate_float_form_top_tax":"70%","wp_estate_adv_search_fields_no":"10","wp_estate_search_fields_no_per_row":"4","wp_estate_adv6_taxonomy":"property_action_category","wpestate_set_search":{"adv_search_what":["MLS-","categories","cities","areas","property bedrooms","property size","property size","property bathrooms","stories-number","property price"],"adv_search_how":["like","like","like","like","greater","greater","smaller","equal","like","greater"],"adv_search_label":["Custom ID","","","","Min. Bedrooms ","Min Size","Max Size","Baths","Stories",""]},"wp_estate_use_geo_location":"yes","wp_estate_initial_radius":"12","wp_estate_min_geo_radius":"1","wp_estate_max_geo_radius":"50","wp_estate_geo_radius_measure":"miles","wp_estate_show_save_search":"yes","wp_estate_search_alert":"1","wp_estate_adv_back_color":"","wp_estate_adv_back_color_opacity":"","wp_estate_adv_font_color":"#62748F","wp_estate_adv_search_back_color":"","wp_estate_adv_search_font_color":"#62748F","wpestate_property_page_content":true,"wpestate_property_unit_structure":true,"wp_estate_adv_search_what":["MLS-","categories","cities","areas","property bedrooms","property size","property size","property bathrooms","stories-number","property price"],"wp_estate_adv_search_how":["like","like","like","like","greater","greater","smaller","equal","like","greater"],"wp_estate_adv_search_label":["Custom ID","","","","Min. Bedrooms ","Min Size","Max Size","Baths","Stories",""],"wp_estate_show_reviews_block":"","redux-backup":"1"}