{
    "copy"           : "AppSeed. All rights reserved.", 
    "email"          : "support@appseed.us",
    "design"         : "Argon Design by Creative-Tim",

    "seo_title"      : "JAMstack App - Argon Design by Creative-Tim | AppSeed",
    "seo_desc"       : "JAMstack app with Argon Design crafted by top Creative-Tim.",

    "product"        : "https://github.com/app-generator/jamstack-argon-design-system", 
    "github"         : "https://github.com/app-generator/jamstack-argon-design-system",
    "facebook"       : "https://facebook.com/webappseed",
    "twitter"        : "https://twitter.com/webappseed",
    "support"        : "https://appseed.us/support",
    "discord"        : "https://discord.gg/fZC6hup",

    "LAST_KEY" : "NA"
}
