{
    "workbench.colorTheme": "Predawn",
    "workbench.iconTheme": "ayu",
    "editor.fontSize": 22,
    "editor.fontWeight": "500",
    "editor.fontFamily": "Source Code Pro",
    "debug.console.fontFamily": "Source Code Pro",
    "debug.console.fontSize": 22,
    "terminal.integrated.fontSize": 22,
    "terminal.integrated.fontWeight": "600",
    "window.zoomLevel": 2,
    "python.pythonPath": "/usr/local/bin/python3",
    "python.formatting.provider": "black",
    "editor.formatOnSave": true,
    "python.linting.enabled": true,
    "python.linting.pylintEnabled": true,
    "code-runner.executorMap": {
        "python": "$pythonPath -u $fullFileName"
    },
    "code-runner.clearPreviousOutput": true,
    "code-runner.showExecutionMessage": false,
    "code-runner.ignoreSelection": true,
    "code-runner.saveFileBeforeRun": true,
    "[plaintext]": {
        "editor.quickSuggestions": false
    },
    "editor.quickSuggestionsDelay": 100,
    "zenMode.centerLayout": false,
    "zenMode.fullScreen": false,
    "zenMode.hideLineNumbers": false,
    "zenMode.hideTabs": false,
    "editor.minimap.enabled": false,
    "workbench.settings.openDefaultSettings": true,
    "workbench.settings.editor": "json",
    "workbench.statusBar.feedback.visible": false,
    "workbench.startupEditor": "newUntitledFile",
}