{"last_tab":"1","wp_estate_general_country":"France","wp_estate_measure_sys":"m","wp_estate_date_lang":"en-GB","wp_estate_google_analytics_code":"","wp_estate_visible_user_role_dropdown":"yes","wp_estate_visible_user_role":["User","Single Agent","Agency","Developer"],"wp_estate_admin_submission_user_role":["Agent","Agency","Developer"],"wp_estate_admin_approves_reviews":"yes","wp_estate_enable_user_pass":"yes","wp_estate_wide_status":"1","wp_estate_prop_no":"6","wp_estate_prop_list_slider":"1","wp_estate_property_list_type":"1","wp_estate_property_list_type_adv":"2","wp_estate_prop_unit":"grid","wp_estate_agent_sidebar":"left","wp_estate_agent_sidebar_name":"second-footer-widget-area","wp_estate_blog_sidebar":"left","wp_estate_blog_sidebar_name":"secondary-widget-area","wp_estate_blog_unit":"grid","wp_estate_favicon_image":{"url":"","id":"","height":"","width":"","thumbnail":""},"wp_estate_logo_image":{"url":"https:\/\/paris.wpresidence.net\/wp-content\/uploads\/2018\/06\/logo2018-v1-1.png","id":"","height":"","width":"","thumbnail":""},"wp_estate_stikcy_logo_image":{"url":"","id":"","height":"","width":"","thumbnail":""},"wp_estate_transparent_logo_image":{"url":"","id":"","height":"","width":"","thumbnail":""},"wp_estate_logo_margin":"","wp_estate_mobile_logo_image":{"url":"","id":"","height":"","width":"","thumbnail":""},"wp_estate_show_top_bar_user_menu":"no","wp_estate_show_top_bar_user_menu_mobile":"yes","wp_estate_show_top_bar_user_login":"yes","wp_estate_show_submit":"yes","wp_estate_header_transparent":"no","wp_estate_logo_header_type":"type5","wp_estate_logo_header_align":"center","wp_estate_text_header_align":"left","wp_estate_wide_header":"no","wp_estate_header_type":"4","wp_estate_global_revolution_slider":"demo","wp_estate_global_header":{"url":"","id":"","height":"","width":"","thumbnail":""},"wp_estate_paralax_header":"yes","wp_estate_header5_info_widget1_icon":"fa fa-phone","wp_estate_header5_info_widget1_text1":"1-847-555-5555","wp_estate_header5_info_widget1_text2":"Call Us Today","wp_estate_header5_info_widget2_icon":"fa fa-map-marker","wp_estate_header5_info_widget2_text1":"Marais, 30, Paris","wp_estate_header5_info_widget2_text2":"Our Address","wp_estate_header5_info_widget3_icon":"fa fa-clock-o","wp_estate_header5_info_widget3_text1":"5 AM - 12 PM","wp_estate_header5_info_widget3_text2":"Open Every Day","wp_estate_show_footer":"yes","wp_estate_show_footer_copy":"yes","wp_estate_copyright_message":"Copyright 2016 | WP Estate. All Rights Reserved.","wp_estate_show_sticky_footer":"no","wp_estate_footer_background":{"url":"","id":"","height":"","width":"","thumbnail":""},"wp_estate_repeat_footer_back":"no repeat","wp_estate_wide_footer":"no","wp_estate_footer_type":"1","wp_estate_prices_th_separator":",","wp_estate_currency_symbol":"\u20ac","wp_estate_currency_label_main":"EUR","wp_estate_where_currency_symbol":"before","wp_estate_auto_curency":"no","wpestate_currency":{"add_curr_name":["CAD","USD"],"add_curr_label":["CAD","USD"],"add_curr_value":["1.3329","0.9069"],"add_curr_order":["before","before"]},"wpestate_custom_fields_list":{"add_field_name":["MLS","property year","property garage","property garage size","property date","property basement","property external construction","Exterior Material","property roofing","Structure Type","stories number"],"add_field_label":["Custom ID","Year Built","Garages","Garage Size","Available from","Basement","External Construction","Exterior Material","Roofing","Structure Type","Floors No"],"add_field_order":["1","2","3","4","5","6","7","8","9","10","11"],"add_field_type":["short text","numeric","short text","short text","date","short text","short text","short text","short text","dropdown","dropdown"],"add_dropdown_order":["","","","","","","","","","Brick, Wood, Cement","1, 2, 3, 4, 5, 6"]},"wp_estate_feature_list":"attic,\r\ngas heat,\r\nocean view,\r\nwine cellar,\r\nbasketball court,\r\ngym,\r\npound,\r\nfireplace,\r\nlake view,\r\npool,\r\nback yard,\r\nfront yard,\r\nfenced yard,\r\nsprinklers,\r\nwasher and dryer,\r\ndeck,\r\nbalcony,\r\nlaundry,\r\nconcierge,\r\ndoorman,\r\nprivate space,\r\nstorage,\r\nrecreation,\r\nRoof Deck,\r\ninternet","wp_estate_show_no_features":"no","wp_estate_property_multi_text":"","wp_estate_property_multi_child_text":"","wp_estate_property_adr_text":"Address","wp_estate_property_features_text":"Features","wp_estate_property_description_text":"Description","wp_estate_property_details_text":"Details","wp_estate_status_list":"hot status,\r\ncold status,\r\nopen house,\r\nsold,\r\nfor sale","wp_estate_theme_slider":["132","72"],"wp_estate_slider_cycle":"5000","wp_estate_theme_slider_type":"type1","wp_estate_theme_slider_height":"600","wp_estate_url_rewrites":["","","","","","","","","","","","","","","","","","","","","","","",""],"wp_estate_spash_header_type":"","wp_estate_splash_slider_gallery":"","wp_estate_splash_slider_transition":"","wp_estate_splash_image":{"url":"","id":"","height":"","width":"","thumbnail":""},"wp_estate_splash_video_mp4":{"url":"","id":"","height":"","width":"","thumbnail":""},"wp_estate_splash_video_webm":{"url":"","id":"","height":"","width":"","thumbnail":""},"wp_estate_splash_video_ogv":{"url":"","id":"","height":"","width":"","thumbnail":""},"wp_estate_splash_video_cover_img":{"url":"","id":"","height":"","width":"","thumbnail":""},"wp_estate_splash_overlay_image":{"url":"","id":"","height":"","width":"","thumbnail":""},"wp_estate_splash_overlay_color":"","wp_estate_splash_overlay_opacity":"","wp_estate_splash_page_title":"","wp_estate_splash_page_subtitle":"","wp_estate_splash_page_logo_link":"","wp_estate_company_contact_image":{"url":"","id":"","height":"","width":"","thumbnail":""},"wp_estate_company_name":"company name","wp_estate_email_adr":"","wp_estate_duplicate_email_adr":"","wp_estate_telephone_no":"800 800 8000","wp_estate_mobile_no":"800 800 8000","wp_estate_fax_ac":"800 800 8000","wp_estate_skype_ac":"skypeid","wp_estate_co_address":"Your Address Added Here","wp_estate_hq_latitude":"40.781711","wp_estate_hq_longitude":"-73.955927","wp_estate_facebook_link":"#","wp_estate_twitter_link":"#","wp_estate_google_link":"","wp_estate_linkedin_link":"#","wp_estate_pinterest_link":"#","wp_estate_instagram_link":"","wp_estate_zillow_api_key":"","wp_estate_facebook_login":"no","wp_estate_facebook_api":"","wp_estate_facebook_secret":"","wp_estate_google_login":"no","wp_estate_google_oauth_api":"","wp_estate_google_oauth_client_secret":"","wp_estate_google_api_key":"","wp_estate_yahoo_login":"no","wp_estate_use_gdpr":"yes","wp_estate_contact_form_7_agent":"","wp_estate_contact_form_7_contact":"","wp_estate_twitter_consumer_key":"","wp_estate_twitter_consumer_secret":"","wp_estate_twitter_access_token":"","wp_estate_twitter_access_secret":"","wp_estate_twitter_cache_time":"","wp_estate_readsys":"no","wp_estate_map_max_pins":"25","wp_estate_ssl_map":"yes","wp_estate_api_key":"","wp_estate_general_latitude":"48.864484","wp_estate_general_longitude":"2.351674","wp_estate_default_map_zoom":"5","wp_estate_default_map_type":"ROADMAP","wp_estate_cache":"no","wp_estate_pin_cluster":"yes","wp_estate_zoom_cluster":"10","wp_estate_idx_enable":"no","wp_estate_geolocation_radius":"5000","wp_estate_min_height":"500","wp_estate_max_height":"600","wp_estate_keep_min":"no","wp_estate_keep_max":"no","wp_estate_show_g_search":"no","wp_estate_map_style":"[{\\\"featureType\\\":\\\"administrative\\\",\\\"elementType\\\":\\\"labels.text.fill\\\",\\\"stylers\\\":[{\\\"color\\\":\\\"#444444\\\"}]},{\\\"featureType\\\":\\\"landscape\\\",\\\"elementType\\\":\\\"all\\\",\\\"stylers\\\":[{\\\"color\\\":\\\"#f2f2f2\\\"}]},{\\\"featureType\\\":\\\"poi\\\",\\\"elementType\\\":\\\"all\\\",\\\"stylers\\\":[{\\\"visibility\\\":\\\"off\\\"}]},{\\\"featureType\\\":\\\"road\\\",\\\"elementType\\\":\\\"all\\\",\\\"stylers\\\":[{\\\"saturation\\\":-100},{\\\"lightness\\\":45}]},{\\\"featureType\\\":\\\"road.highway\\\",\\\"elementType\\\":\\\"all\\\",\\\"stylers\\\":[{\\\"visibility\\\":\\\"simplified\\\"}]},{\\\"featureType\\\":\\\"road.arterial\\\",\\\"elementType\\\":\\\"labels.icon\\\",\\\"stylers\\\":[{\\\"visibility\\\":\\\"off\\\"}]},{\\\"featureType\\\":\\\"transit\\\",\\\"elementType\\\":\\\"all\\\",\\\"stylers\\\":[{\\\"visibility\\\":\\\"off\\\"}]},{\\\"featureType\\\":\\\"water\\\",\\\"elementType\\\":\\\"all\\\",\\\"stylers\\\":[{\\\"color\\\":\\\"#46bcec\\\"},{\\\"visibility\\\":\\\"on\\\"}]}]","wp_estate_use_price_pins":"no","wp_estate_use_price_pins_full_price":"no","wp_estate_use_single_image_pin":"no","wp_estate_rentals":{"url":"","id":"","height":"","width":"","thumbnail":""},"wp_estate_sales":{"url":"","id":"","height":"","width":"","thumbnail":""},"wp_estate_apartments":{"url":"","id":"","height":"","width":"","thumbnail":""},"wp_estate_condos":{"url":"","id":"","height":"","width":"","thumbnail":""},"wp_estate_duplexes":{"url":"","id":"","height":"","width":"","thumbnail":""},"wp_estate_houses":{"url":"","id":"","height":"","width":"","thumbnail":""},"wp_estate_industrial":{"url":"","id":"","height":"","width":"","thumbnail":""},"wp_estate_land":{"url":"","id":"","height":"","width":"","thumbnail":""},"wp_estate_offices":{"url":"","id":"","height":"","width":"","thumbnail":""},"wp_estate_retail":{"url":"","id":"","height":"","width":"","thumbnail":""},"wp_estate_villas":{"url":"","id":"","height":"","width":"","thumbnail":""},"wp_estate_apartmentsrentals":{"url":"","id":"","height":"","width":"","thumbnail":""},"wp_estate_condosrentals":{"url":"","id":"","height":"","width":"","thumbnail":""},"wp_estate_duplexesrentals":{"url":"","id":"","height":"","width":"","thumbnail":""},"wp_estate_housesrentals":{"url":"","id":"","height":"","width":"","thumbnail":""},"wp_estate_industrialrentals":{"url":"","id":"","height":"","width":"","thumbnail":""},"wp_estate_landrentals":{"url":"","id":"","height":"","width":"","thumbnail":""},"wp_estate_officesrentals":{"url":"","id":"","height":"","width":"","thumbnail":""},"wp_estate_retailrentals":{"url":"","id":"","height":"","width":"","thumbnail":""},"wp_estate_villasrentals":{"url":"","id":"","height":"","width":"","thumbnail":""},"wp_estate_apartmentssales":{"url":"","id":"","height":"","width":"","thumbnail":""},"wp_estate_condossales":{"url":"","id":"","height":"","width":"","thumbnail":""},"wp_estate_duplexessales":{"url":"","id":"","height":"","width":"","thumbnail":""},"wp_estate_housessales":{"url":"","id":"","height":"","width":"","thumbnail":""},"wp_estate_industrialsales":{"url":"","id":"","height":"","width":"","thumbnail":""},"wp_estate_landsales":{"url":"","id":"","height":"","width":"","thumbnail":""},"wp_estate_officessales":{"url":"","id":"","height":"","width":"","thumbnail":""},"wp_estate_retailsales":{"url":"","id":"","height":"","width":"","thumbnail":""},"wp_estate_villassales":{"url":"","id":"","height":"","width":"","thumbnail":""},"wp_estate_userpin":{"url":"","id":"","height":"","width":"","thumbnail":""},"wp_estate_idxpin":{"url":"","id":"","height":"","width":"","thumbnail":""},"wp_estate_main_grid_content_width":"","wp_estate_main_content_width":"","wp_estate_contentarea_internal_padding_top":"","wp_estate_contentarea_internal_padding_left":"","wp_estate_contentarea_internal_padding_bottom":"","wp_estate_contentarea_internal_padding_right":"","wp_estate_content_area_back_color":"","wp_estate_show_breadcrumbs":"no","wp_estate_border_radius_corner":"","wp_estate_cssbox_shadow":"","wp_estate_global_property_page_template":"","wp_estate_property_sidebar":"right","wp_estate_property_sidebar_name":"primary-widget-area","wp_estate_global_property_page_agent_sidebar":"yes","wp_estate_global_prpg_slider_type":"full width header","wp_estate_global_prpg_content_type":"accordion","wp_estate_walkscore_api":"","wp_estate_show_graph_prop_page":"yes","wp_estate_show_reviews_prop":"yes","wp_estate_enable_direct_mess":"yes","wp_estate_show_lightbox_contact":"no","wp_estate_crop_images_lightbox":"yes","wp_estate_print_show_subunits":"yes","wp_estate_print_show_agent":"yes","wp_estate_print_show_description":"yes","wp_estate_print_show_adress":"yes","wp_estate_print_show_details":"yes","wp_estate_print_show_features":"yes","wp_estate_print_show_floor_plans":"yes","wp_estate_print_show_images":"yes","wp_estate_main_color":"#004375","wp_estate_second_color":"#20a0d1","wp_estate_background_color":"","wp_estate_content_back_color":"","wp_estate_breadcrumbs_font_color":"","wp_estate_font_color":"","wp_estate_link_color":"","wp_estate_headings_color":"","wp_estate_footer_back_color":"","wp_estate_footer_font_color":"","wp_estate_footer_copy_color":"#ffffff","wp_estate_footer_copy_back_color":"","wp_estate_box_content_back_color":"","wp_estate_box_content_border_color":"","wp_estate_hover_button_color":"#004A82","wp_estate_map_controls_back":"#bdbdbd","wp_estate_map_controls_font_color":"#ffffff","wp_estate_header_height":"","wp_estate_sticky_header_height":"","wp_estate_top_menu_font_size":"14px","wp_estate_menu_item_font_size":"14px","wp_estate_border_bottom_header":"","wp_estate_sticky_border_bottom_header":"","wp_estate_border_bottom_header_color":"","wp_estate_border_bottom_header_sticky_color":"","wp_estate_top_bar_back":"","wp_estate_top_bar_font":"","wp_estate_header_color":"","wp_estate_sticky_menu_font_color":"#004375","wp_estate_menu_font_color":"#ffffff","wp_estate_top_menu_hover_font_color":"#00ABEC","wp_estate_active_menu_font_color":"","wp_estate_top_menu_hover_back_font_color":"","opt-info_hover_type":{"url":"http:\/\/rentals1.wpestate.info\/wp-content\/plugins\/wpresidence-core\/img\/menu_types.png","id":"","height":"","width":"","thumbnail":""},"wp_estate_top_menu_hover_type":"1","wp_estate_transparent_menu_font_color":"#ffffff","wp_estate_transparent_menu_hover_font_color":"","wp_estate_menu_items_color":"#004375","wp_estate_menu_hover_font_color":"#00ABEC","wp_estate_menu_item_back_color":"#ffffff","wp_estate_menu_hover_back_color":"#ffffff","wp_estate_menu_border_color":"","wp_estate_mobile_header_background_color":"","wp_estate_mobile_header_icon_color":"","wp_estate_mobile_menu_font_color":"","wp_estate_mobile_menu_hover_font_color":"","wp_estate_mobile_item_hover_back_color":"","wp_estate_mobile_menu_backgound_color":"","wp_estate_mobile_menu_border_color":"","wp_estate_unit_card_type":"1","wp_estate_listings_per_row":"3","wp_estate_agent_listings_per_row":"3","wp_estate_blog_listings_per_row":"3","wp_estate_prop_unit_min_height":"","wp_estate_agent_unit_min_height":"391","wp_estate_blog_unit_min_height":"391","wp_estate_propertyunit_internal_padding_top":"","wp_estate_propertyunit_internal_padding_left":"","wp_estate_propertyunit_internal_padding_bottom":"","wp_estate_propertyunit_internal_padding_right":"","wp_estate_property_unit_color":"#fdfdfd","wp_estate_unit_border_size":"","wp_estate_unit_border_color":"","wp_estate_sidebarwidget_internal_padding_top":"","wp_estate_sidebarwidget_internal_padding_left":"","wp_estate_sidebarwidget_internal_padding_bottom":"","wp_estate_sidebarwidget_internal_padding_right":"","wp_estate_sidebar_widget_color":"#fdfdfd","wp_estate_sidebar_heading_boxed_color":"#434a54","wp_estate_sidebar_heading_background_color":"","wp_estate_sidebar_boxed_font_color":"","wp_estate_widget_sidebar_border_size":"","wp_estate_widget_sidebar_border_color":"","wp_estate_show_header_dashboard":"yes","wp_estate_user_dashboard_menu_color":"","wp_estate_user_dashboard_menu_hover_color":"","wp_estate_user_dashboard_menu_color_hover":"","wp_estate_user_dashboard_menu_back":"","wp_estate_user_dashboard_package_back":"","wp_estate_user_dashboard_package_color":"","wp_estate_user_dashboard_buy_package":"","wp_estate_user_dashboard_package_select":"","wp_estate_user_dashboard_content_back":"","wp_estate_user_dashboard_content_button_back":"","wp_estate_user_dashboard_content_color":"","h1_typo":{"font-family":"","font-options":"","google":"1","font-weight":"","font-style":"","subsets":"","font-size":"","line-height":""},"h2_typo":{"font-family":"","font-options":"","google":"1","font-weight":"","font-style":"","subsets":"","font-size":"","line-height":""},"h3_typo":{"font-family":"","font-options":"","google":"1","font-weight":"","font-style":"","subsets":"","font-size":"","line-height":""},"h4_typo":{"font-family":"","font-options":"","google":"1","font-weight":"","font-style":"","subsets":"","font-size":"","line-height":""},"h5_typo":{"font-family":"","font-options":"","google":"1","font-weight":"","font-style":"","subsets":"","font-size":"","line-height":""},"h6_typo":{"font-family":"","font-options":"","google":"1","font-weight":"","font-style":"","subsets":"","font-size":"","line-height":""},"paragraph_typo":{"font-family":"","font-options":"","google":"1","font-weight":"","font-style":"","subsets":"","font-size":"","line-height":""},"menu_typo":{"font-family":"","font-options":"","google":"1","font-weight":"","font-style":"","subsets":"","font-size":"","line-height":""},"wp_estate_custom_css":".custom_separator {\r\n    border-top: 1px solid #e0e0e0;\r\n    width: 100%;\r\n    margin-top: 15px;\r\n}\r\n\r\n.buttonslider:hover,\r\n.customunitimg:hover {\r\nopacity: 0.7;\r\n-webkit-transition: .3s ease-in-out;\r\ntransition: .3s ease-in-out;\r\n}\r\n\r\n#advanced_submit_2{\r\ncolor:#fff;\r\n}\r\n\r\n#menu-item-18435{\r\npadding-bottom:0px!important;\r\n}\r\n\r\n#footer-widget-area .widget_latest_price{\r\ncolor:#fff;\r\n}\r\n.form-control.open .filter_menu_trigger, .menu_user_tools{\r\n    color: #3C90BE;\r\n}\r\n\r\n#user_menu_open &gt; li &gt; a:hover, #user_menu_open &gt; li &gt; a:focus , #user_menu_open  &gt; li &gt; a:hover i, .filter_menu li:hover{\r\n    color: #3C90BE;\r\n}\r\n\r\n.listing_detail {\r\n    height: 25px;\r\n}\r\n\r\n.wpestate_estate_property_design_agent .agent_contanct_form {\r\n    width: 100%;\r\n}\r\n\r\n.wpestate_estate_property_design_agent #agent_contact_name, .wpestate_estate_property_design_agent #agent_user_email, .wpestate_estate_property_design_agent #agent_phone {\r\n    width: 32.2%;\r\n}\r\n\r\n.menu_user_picture {\r\n    border: 1px solid #004375;\r\n}\r\n\r\n.paris_featured:after {\r\n    position: absolute;\r\n    left: 0;\r\n    bottom: -5px;\r\n    border-top: 5px solid #fff;\r\n    width: 5px;\r\n    content: \\\" \\\";\r\n    display: block;\r\n    border-width: 0 5px 5px 0;\r\n    border-color: transparent #187599 transparent transparent;\r\n    border-style: solid;\r\n}\r\n\r\n#colophon a:hover, #colophon li a:hover {\r\n    color: #fff!important;\r\n}\r\n\r\n#access .menu&gt;li&gt;a i {\r\n    color: inherit;\r\n}\r\n\r\n.status_paris{\r\n    text-transform: uppercase!important;\r\n}\r\n\r\n\r\n\r\n#agent_contact_name, #agent_user_email, #agent_phone {\r\n    width: 32%;\r\n}\r\n\r\n.col-md-12.full_width_prop #agent_contact_name, .col-md-12.full_width_prop #agent_user_email, .col-md-12.full_width_prop #agent_phone {\r\n    width: 32%;\r\n}\r\n\r\n.customnav.header_type5 .submit_action {\r\n    color: #ffffff!important;\r\n}\r\n\r\n.header_5_widget_text{\r\nfont-size: 14px;\r\n}\r\n\r\n.header_5_widget_icon{\r\ncolor:#00abec;\r\n}\r\n\r\n.header_5_widget_wrap {\r\n    margin-top: -18px;\r\n}","wpestate_uset_unit":"0","wp_estate_subject_new_user":"Your username and password on %website_url","wp_estate_new_user":"Hi there,\r\nWelcome to %website_url! You can login now using the below credentials:\r\nUsername: %user_login_register\r\nPassword: %user_pass_register\r\nIf you have any problems, please contact me.\r\nThank you!","wp_estate_subject_admin_new_user":"New User Registration","wp_estate_admin_new_user":"New user registration on %website_url.\r\nUsername: %user_login_register,\r\nE-mail: %user_email_register","wp_estate_subject_password_reset_request":"Password Reset Request","wp_estate_password_reset_request":"Someone requested that the password be reset for the following account:\r\n%website_url\r\nUsername: %username.\r\nIf this was a mistake, just ignore this email and nothing will happen. To reset your password, visit the following address:%reset_link,\r\nThank You!","wp_estate_subject_password_reseted":"Your Password was Reset","wp_estate_password_reseted":"Your new password for the account at: %website_url:\r\nUsername:%username,\r\nPassword:%user_pass.\r\nYou can now login with your new password at: %website_url","wp_estate_subject_purchase_activated":"Your purchase was activated","wp_estate_purchase_activated":"Hi there,\r\nYour purchase on %website_url is activated! You should go check it out.","wp_estate_subject_approved_listing":"Your listing was approved","wp_estate_approved_listing":"Hi there,\r\nYour listing, %property_title was approved on %website_url! The listing is: %property_url.\r\nYou should go check it out.","wp_estate_subject_new_wire_transfer":"You ordered a new Wire Transfer","wp_estate_new_wire_transfer":"We received your Wire Transfer payment request on %website_url !\r\nPlease follow the instructions below in order to start submitting properties as soon as possible.\r\nThe invoice number is: %invoice_no, Amount: %total_price.\r\nInstructions: %payment_details.","wp_estate_subject_admin_new_wire_transfer":"Somebody ordered a new Wire Transfer","wp_estate_admin_new_wire_transfer":"Hi there,\r\nYou received a new Wire Transfer payment request on %website_url.\r\nThe invoice number is: %invoice_no, Amount: %total_price.\r\nPlease wait until the payment is made to activate the user purchase.","wp_estate_subject_admin_expired_listing":"Expired Listing sent for approval on %website_url","wp_estate_admin_expired_listing":"Hi there,\r\nA user has re-submited a new property on %website_url! You should go check it out.\r\nThis is the property title: %submission_title.","wp_estate_subject_matching_submissions":"Matching Submissions on %website_url","wp_estate_matching_submissions":"Hi there,\r\nA new submission matching your chosen criteria has been published at %website_url.\r\nThese are the new submissions:\r\n%matching_submissions\r\nIf you do not wish to be notified anymore please enter your account and delete the saved search.Thank you!","wp_estate_subject_paid_submissions":"New Paid Submission on %website_url","wp_estate_paid_submissions":"Hi there,\r\nYou have a new paid submission on %website_url! You should go check it out.","wp_estate_subject_featured_submission":"New Feature Upgrade on  %website_url","wp_estate_featured_submission":"Hi there,\r\nYou have a new featured submission on %website_url! You should go check it out.","wp_estate_subject_account_downgraded":"Account Downgraded on %website_url","wp_estate_account_downgraded":"Hi there,\r\nYou downgraded your subscription on %website_url. Because your listings number was greater than what the actual package offers, we set the status of all your listings to \\\"expired\\\". You will need to choose which listings you want live and send them again for approval.\r\nThank you!","wp_estate_subject_membership_cancelled":"Membership Cancelled on %website_url","wp_estate_membership_cancelled":"Hi there,\r\nYour subscription on %website_url was cancelled because it expired or the recurring payment from the merchant was not processed. All your listings are no longer visible for our visitors but remain in your account.\r\nThank you.","wp_estate_subject_downgrade_warning":"Membership Expiration Warning on %website_url","wp_estate_downgrade_warning":"Hi there,\r\nYour subscription on %website_url will expire in 3 days.Please make sure you renew your subscription or you have enough funds for an auto renew.","wp_estate_subject_free_listing_expired":"Free Listing expired on %website_url","wp_estate_free_listing_expired":"Hi there,\r\nOne of your free listings on %website_url has \\\"expired\\\". The listing is %expired_listing_url.\r\nThank you!","wp_estate_subject_new_listing_submission":"New Listing Submission on %website_url","wp_estate_new_listing_submission":"Hi there,\r\nA user has submited a new property on %website_url! You should go check it out.This is the property title %new_listing_title!","wp_estate_subject_listing_edit":"Listing Edited on %website_url","wp_estate_listing_edit":"Hi there,\r\nA user has edited one of his listings on %website_url ! You should go check it out. The property name is : %editing_listing_title!","wp_estate_subject_recurring_payment":"Recurring Payment on %website_url","wp_estate_recurring_payment":"Hi there,\r\nWe charged your account on %merchant for a subscription on %website_url ! You should go check it out.","wp_estate_subject_membership_activated":" Membership Activated on %website_url","wp_estate_membership_activated":"Hi there,\r\nYour new membership on %website_url is activated! You should go check it out.","wp_estate_subject_agent_update_profile":"Profile Update","wp_estate_agent_update_profile":"A user updated his profile on %website_url.\r\nUsername: %user_profile","wp_estate_use_mimify":"no","wp_estate_remove_script_version":"no","info_warning_enable_browser":"<IfModule mod_deflate.c>\n    # Insert filters\n    AddOutputFilterByType DEFLATE text\/plain\n    AddOutputFilterByType DEFLATE text\/html\n    AddOutputFilterByType DEFLATE text\/xml\n    AddOutputFilterByType DEFLATE text\/css\n    AddOutputFilterByType DEFLATE application\/xml\n    AddOutputFilterByType DEFLATE application\/xhtml+xml\n    AddOutputFilterByType DEFLATE application\/rss+xml\n    AddOutputFilterByType DEFLATE application\/javascript\n    AddOutputFilterByType DEFLATE application\/x-javascript\n    AddOutputFilterByType DEFLATE application\/x-httpd-php\n    AddOutputFilterByType DEFLATE application\/x-httpd-fastphp\n    AddOutputFilterByType DEFLATE image\/svg+xml\n    # Drop problematic browsers\n    BrowserMatch ^Mozilla\/4 gzip-only-text\/html\n    BrowserMatch ^Mozilla\/4\\.0[678] no-gzip\n    BrowserMatch \\bMSI[E] !no-gzip !gzip-only-text\/html\n    # Make sure proxies dont deliver the wrong content\n    Header append Vary User-Agent env=!dont-vary\n    <\/IfModule>\n    ## EXPIRES CACHING ##\n    <IfModule mod_expires.c>\n    ExpiresActive On\n    ExpiresByType image\/jpg \"access 1 year\"\n    ExpiresByType image\/jpeg \"access 1 year\"\n    ExpiresByType image\/gif \"access 1 year\"\n    ExpiresByType image\/png \"access 1 year\"\n    ExpiresByType text\/css \"access 1 month\"\n    ExpiresByType text\/html \"access 1 month\"\n    ExpiresByType application\/pdf \"access 1 month\"\n    ExpiresByType text\/x-javascript \"access 1 month\"\n    ExpiresByType application\/x-shockwave-flash \"access 1 month\"\n    ExpiresByType image\/x-icon \"access 1 year\"\n    ExpiresDefault \"access 1 month\"\n    <\/IfModule>\n    ## EXPIRES CACHING ##","wp_estate_use_captcha":"no","wp_estate_recaptha_sitekey":"","wp_estate_recaptha_secretkey":"","wp_estate_yelp_client_id":"","wp_estate_yelp_client_api_key_2018":"","wp_estate_yelp_results_no":"","wp_estate_yelp_dist_measure":"miles","wp_estate_use_optima":"no","wp_estate_paid_submission":"membership","wp_estate_free_mem_list":"10000","wp_estate_free_mem_list_unl":"1","wp_estate_free_feat_list":"30","wp_estate_free_feat_list_expiration":"1","wp_estate_free_pack_image_included":"10","wp_estate_price_submission":"1","wp_estate_price_featured_submission":"1","wp_estate_admin_submission":"yes","wp_estate_prop_image_number":"","wp_estate_paypal_api":"sandbox","wp_estate_submission_curency":"USD","wp_estate_enable_direct_pay":"yes","wp_estate_submission_curency_custom":"USD","wp_estate_direct_payment_details":"","wp_estate_enable_autocomplete":"yes","wp_estate_submission_page_fields":["wpestate_description","property_price","property_label","property_label_before","prop_category","prop_action_category","attachid","property_address","property_city","property_area","property_zip","property_county","property_country","property_map","property_latitude","property_longitude","google_camera_angle","property_google_view","property_size","property_lot_size","property_rooms","property_bedrooms","property_bathrooms","owner_notes","property_status","embed_video_id","embed_video_type","embed_virtual_tour","property_subunits_list","MLS","property_year","property_garage","property_garage_size","property_date","property_basement","property_external_construction","Exterior_Material","property_roofing","Structure_Type","stories_number","attic","gas_heat","ocean_view","wine_cellar","basketball_court","gym","pound","fireplace","lake_view","pool","back_yard","front_yard","fenced_yard","sprinklers","washer_and_dryer","deck","balcony","laundry","concierge","doorman","private_space","storage","recreation","Roof_Deck","internet"],"wp_estate_mandatory_page_fields":["wpestate_description","property_address"],"wp_estate_enable_paypal":"yes","wp_estate_paypal_client_id":"","wp_estate_paypal_client_secret":"","wp_estate_paypal_rec_email":"","wp_estate_enable_stripe":"yes","wp_estate_stripe_secret_key":"","wp_estate_stripe_publishable_key":"","wp_estate_adv_search_type":"5","wp_estate_show_adv_search_general":"yes","wp_estate_show_empty_city":"no","wp_estate_show_adv_search_tax":"yes","wp_estate_show_adv_search_visible":"yes","wp_estate_show_adv_search_extended":"yes","wp_estate_advanced_exteded":["back_yard","front_yard","fenced_yard","sprinklers","doorman","private_space","storage","recreation"],"wp_estate_show_dropdowns":"yes","wp_estate_show_slider_price":"yes","wp_estate_show_slider_min_price":"0","wp_estate_show_slider_max_price":"1500000","wp_estate_custom_advanced_search":"yes","wp_estate_search_on_start":"no","wp_estate_sticky_search":"no","wp_estate_use_float_search_form":"no","wp_estate_float_form_top":"","wp_estate_float_form_top_tax":"","wp_estate_adv_search_fields_no":"10","wp_estate_search_fields_no_per_row":"4","wp_estate_adv6_taxonomy":"property_category","wpestate_set_search":{"adv_search_what":["types","categories","cities","areas","property bedrooms","property bathrooms","property rooms","property size","stories-number","property price"],"adv_search_how":["like","like","like","like","greater","equal","smaller","greater","like","equal"],"adv_search_label":["","","","","Min. Beds","Bathrooms","Max Rooms","Min Size no","Stories",""]},"wp_estate_use_geo_location":"yes","wp_estate_initial_radius":"5","wp_estate_min_geo_radius":"1","wp_estate_max_geo_radius":"67","wp_estate_geo_radius_measure":"km","wp_estate_show_save_search":"yes","wp_estate_search_alert":"1","wp_estate_adv_back_color":"","wp_estate_adv_back_color_opacity":"","wp_estate_adv_font_color":"","wp_estate_adv_search_back_color":"","wp_estate_adv_search_font_color":"","wp_estate_adv_search_what":["types","categories","cities","areas","property bedrooms","property bathrooms","property rooms","property size","stories-number","property price"],"wp_estate_adv_search_how":["like","like","like","like","greater","equal","smaller","greater","like","equal"],"wp_estate_adv_search_label":["","","","","Min. Beds","Bathrooms","Max Rooms","Min Size no","Stories",""],"wp_estate_show_reviews_block":"","redux-backup":"1"}